Analyzing 2 items...                                            

warning • Unused import: 'package:common/service/firebase/admobs.dart'. Try removing the import directive • lib/app_setup.dart:26:8 • unused_import
warning • Unused import: 'package:common/service/firebase/analytics.dart'. Try removing the import directive • lib/app_setup.dart:27:8 • unused_import
warning • Unused import: 'package:common/service/firebase/auth.dart'. Try removing the import directive • lib/app_setup.dart:28:8 • unused_import
warning • Unused import: 'package:firebase_app_check/firebase_app_check.dart'. Try removing the import directive • lib/app_setup.dart:39:8 • unused_import
   info • Missing type annotation. Try adding a type annotation • lib/app_setup.dart:54:1 • strict_top_level_inference
warning • The declaration '_hiveKey' isn't referenced. Try removing the declaration of '_hiveKey' • lib/app_setup.dart:169:19 • unused_element
   info • 'encryptedSharedPreferences' is deprecated and shouldn't be used. EncryptedSharedPreferences is deprecated and will be removed in v11. The Jetpack Security library is deprecated by Google. Your data will be automatically migrated to custom ciphers on first access. Remove this parameter - it will be ignored. Try replacing the use of the deprecated member with the replacement • lib/app_setup.dart:173:30 • deprecated_member_use
   info • 'encryptedSharedPreferences' is deprecated and shouldn't be used. EncryptedSharedPreferences is deprecated and will be removed in v11. The Jetpack Security library is deprecated by Google. Your data will be automatically migrated to custom ciphers on first access. Remove this parameter - it will be ignored. Try replacing the use of the deprecated member with the replacement • lib/app_setup.dart:176:30 • deprecated_member_use
   info • Missing type annotation. Try adding a type annotation • lib/app_setup.dart:270:1 • strict_top_level_inference
   info • Missing type annotation. Try adding a type annotation • lib/app_setup.dart:278:1 • strict_top_level_inference
warning • The value of the local variable 'machines' isn't used. Try removing the variable or using it • lib/app_setup.dart:280:17 • unused_local_variable
warning • The receiver can't be null, so the null-aware operator '?.' is unnecessary. Try replacing the operator '?.' with '.' • lib/app_setup.dart:326:79 • invalid_null_aware_operator
   info • Statements in an if should be enclosed in a block. Try wrapping the statement in a block • lib/app_setup.dart:353:9 • curly_braces_in_flow_control_structures
   info • Import of a library in the 'lib/src' directory of another package. Try importing a public library that exports this library, or removing the import • lib/main.dart:21:8 • implementation_imports
   info • The imported package 'easy_logger' isn't a dependency of the importing package. Try adding a dependency for 'easy_logger' in the 'pubspec.yaml' file • lib/main.dart:21:8 • depend_on_referenced_packages
   info • The imported package 'flutter_localizations' isn't a dependency of the importing package. Try adding a dependency for 'flutter_localizations' in the 'pubspec.yaml' file • lib/main.dart:27:8 • depend_on_referenced_packages
warning • The value of the local variable 'widgetsBinding' isn't used. Try removing the variable or using it • lib/main.dart:47:7 • unused_local_variable
warning • A value for optional parameter 'key' isn't ever given. Try removing the unused parameter • lib/main.dart:196:24 • unused_element_parameter
warning • A value for optional parameter 'key' isn't ever given. Try removing the unused parameter • lib/main.dart:229:58 • unused_element_parameter
warning • A value for optional parameter 'key' isn't ever given. Try removing the unused parameter • lib/main.dart:300:37 • unused_element_parameter
warning • A value for optional parameter 'key' isn't ever given. Try removing the unused parameter • lib/main.dart:341:32 • unused_element_parameter
   info • The constant name 'settings_appearance' isn't a lowerCamelCase identifier. Try changing the name to follow the lowerCamelCase style • lib/routing/app_router.dart:91:3 • constant_identifier_names
   info • The constant name 'settings_appearance_customThemeNew' isn't a lowerCamelCase identifier. Try changing the name to follow the lowerCamelCase style • lib/routing/app_router.dart:92:3 • constant_identifier_names
   info • The constant name 'settings_appearance_customThemeEdit' isn't a lowerCamelCase identifier. Try changing the name to follow the lowerCamelCase style • lib/routing/app_router.dart:93:3 • constant_identifier_names
   info • The constant name 'settings_notification' isn't a lowerCamelCase identifier. Try changing the name to follow the lowerCamelCase style • lib/routing/app_router.dart:94:3 • constant_identifier_names
   info • The constant name 'settings_notification_device' isn't a lowerCamelCase identifier. Try changing the name to follow the lowerCamelCase style • lib/routing/app_router.dart:95:3 • constant_identifier_names
   info • The constant name 'settings_data' isn't a lowerCamelCase identifier. Try changing the name to follow the lowerCamelCase style • lib/routing/app_router.dart:96:3 • constant_identifier_names
   info • The constant name 'talker_logscreen' isn't a lowerCamelCase identifier. Try changing the name to follow the lowerCamelCase style • lib/routing/app_router.dart:101:3 • constant_identifier_names
   info • The constant name 'supportDev_benefits' isn't a lowerCamelCase identifier. Try changing the name to follow the lowerCamelCase style • lib/routing/app_router.dart:103:3 • constant_identifier_names
   info • The constant name 'tool_beltTuner' isn't a lowerCamelCase identifier. Try changing the name to follow the lowerCamelCase style • lib/routing/app_router.dart:105:3 • constant_identifier_names
   info • The constant name 'tool_bedMesh' isn't a lowerCamelCase identifier. Try changing the name to follow the lowerCamelCase style • lib/routing/app_router.dart:106:3 • constant_identifier_names
   info • The constant name 'fileManager_explorer' isn't a lowerCamelCase identifier. Try changing the name to follow the lowerCamelCase style • lib/routing/app_router.dart:108:3 • constant_identifier_names
   info • The constant name 'fileManager_exlorer_search' isn't a lowerCamelCase identifier. Try changing the name to follow the lowerCamelCase style • lib/routing/app_router.dart:109:3 • constant_identifier_names
   info • The constant name 'fileManager_exlorer_move' isn't a lowerCamelCase identifier. Try changing the name to follow the lowerCamelCase style • lib/routing/app_router.dart:110:3 • constant_identifier_names
   info • The constant name 'fileManager_exlorer_gcodeDetail' isn't a lowerCamelCase identifier. Try changing the name to follow the lowerCamelCase style • lib/routing/app_router.dart:111:3 • constant_identifier_names
   info • The constant name 'fileManager_exlorer_editor' isn't a lowerCamelCase identifier. Try changing the name to follow the lowerCamelCase style • lib/routing/app_router.dart:112:3 • constant_identifier_names
   info • The constant name 'fileManager_exlorer_videoPlayer' isn't a lowerCamelCase identifier. Try changing the name to follow the lowerCamelCase style • lib/routing/app_router.dart:113:3 • constant_identifier_names
   info • The constant name 'fileManager_exlorer_imageViewer' isn't a lowerCamelCase identifier. Try changing the name to follow the lowerCamelCase style • lib/routing/app_router.dart:114:3 • constant_identifier_names
   info • The constant name 'fileManager_fleetPrint' isn't a lowerCamelCase identifier. Try changing the name to follow the lowerCamelCase style • lib/routing/app_router.dart:115:3 • constant_identifier_names
   info • Unnecessary use of multiple underscores. Try using '_' • lib/routing/app_router.dart:181:22 • unnecessary_underscores
   info • Missing type annotation. Try adding a type annotation • lib/service/fft_service.dart:38:3 • strict_top_level_inference
warning • Unnecessary type check; the result is always 'true'. Try correcting the type check, or removing the type check • lib/service/fft_service.dart:49:13 • unnecessary_type_check
   info • Missing type annotation. Try adding a type annotation • lib/service/fft_service.dart:70:3 • strict_top_level_inference
   info • Missing type annotation. Try adding a type annotation • lib/service/fft_service.dart:75:3 • strict_top_level_inference
   info • Don't use 'BuildContext's across async gaps. Try rewriting the code to not use the 'BuildContext', or guard the use with a 'mounted' check • lib/service/ui/dialog_service_impl.dart:167:7 • use_build_context_synchronously
warning • This function has a nullable return type of 'ScaffoldFeatureController<SnackBar, SnackBarClosedReason>?', but ends without returning a value. Try adding a return statement, or if no value is ever returned, try changing the return type to 'void' • lib/service/ui/snackbar_service_impl.dart:21:62 • body_might_complete_normally_nullable
   info • The file name 'IconElevatedButton.dart' isn't a lower_case_with_underscores identifier. Try changing the name to follow the lower_case_with_underscores style • lib/ui/components/IconElevatedButton.dart:1:1 • file_names
   info • The file name 'TextSelectionToolbar.dart' isn't a lower_case_with_underscores identifier. Try changing the name to follow the lower_case_with_underscores style • lib/ui/components/TextSelectionToolbar.dart:1:1 • file_names
warning • A value for optional parameter 'key' isn't ever given. Try removing the unused parameter • lib/ui/components/adaptive_horizontal_scroll.dart:71:11 • unused_element_parameter
   info • Unnecessary 'this.' qualifier. Try removing 'this.' • lib/ui/components/async_value_widget.dart:47:29 • unnecessary_this
   info • Unnecessary 'this.' qualifier. Try removing 'this.' • lib/ui/components/async_value_widget.dart:48:28 • unnecessary_this
   info • Unnecessary 'this.' qualifier. Try removing 'this.' • lib/ui/components/async_value_widget.dart:49:18 • unnecessary_this
   info • 'withOpacity' is deprecated and shouldn't be used. Use .withValues() to avoid precision loss. Try replacing the use of the deprecated member with the replacement • lib/ui/components/bed_mesh/bed_mesh_plot.dart:83:56 • deprecated_member_use
   info • 'withOpacity' is deprecated and shouldn't be used. Use .withValues() to avoid precision loss. Try replacing the use of the deprecated member with the replacement • lib/ui/components/bed_mesh/bed_mesh_plot.dart:84:48 • deprecated_member_use
   info • 'withOpacity' is deprecated and shouldn't be used. Use .withValues() to avoid precision loss. Try replacing the use of the deprecated member with the replacement • lib/ui/components/bed_mesh/bed_mesh_plot.dart:85:48 • deprecated_member_use
   info • Unnecessary use of double quotes. Try using single quotes unless the string contains single quotes • lib/ui/components/bed_mesh/bed_mesh_plot.dart:294:46 • prefer_single_quotes
   info • Unnecessary use of double quotes. Try using single quotes unless the string contains single quotes • lib/ui/components/bed_mesh/bed_mesh_plot.dart:295:57 • prefer_single_quotes
warning • A value for optional parameter 'key' isn't ever given. Try removing the unused parameter • lib/ui/components/bottomsheet/action_bottom_sheet.dart:75:23 • unused_element_parameter
warning • A value for optional parameter 'key' isn't ever given. Try removing the unused parameter • lib/ui/components/bottomsheet/dashboard_layout_sheet.dart:132:34 • unused_element_parameter
warning • A value for optional parameter 'key' isn't ever given. Try removing the unused parameter • lib/ui/components/bottomsheet/dashboard_layout_sheet.dart:178:11 • unused_element_parameter
warning • A value for optional parameter 'key' isn't ever given. Try removing the unused parameter • lib/ui/components/bottomsheet/graph_settings_sheet.dart:39:29 • unused_element_parameter
warning • A value for optional parameter 'key' isn't ever given. Try removing the unused parameter • lib/ui/components/bottomsheet/macro_group/manage_macro_group_macros_bottom_sheet.dart:73:23 • unused_element_parameter
warning • A value for optional parameter 'key' isn't ever given. Try removing the unused parameter • lib/ui/components/bottomsheet/macro_group/manage_macro_group_macros_bottom_sheet.dart:108:28 • unused_element_parameter
warning • A value for optional parameter 'key' isn't ever given. Try removing the unused parameter • lib/ui/components/bottomsheet/macro_group/manage_macro_group_macros_bottom_sheet.dart:134:27 • unused_element_parameter
   info • Missing type annotation. Try adding a type annotation • lib/ui/components/bottomsheet/macro_group/manage_macro_group_macros_bottom_sheet.dart:173:3 • strict_top_level_inference
   info • Missing type annotation. Try adding a type annotation • lib/ui/components/bottomsheet/macro_group/manage_macro_group_macros_bottom_sheet.dart:183:3 • strict_top_level_inference
   info • 'background' is deprecated and shouldn't be used. Use surface instead. This feature was deprecated after v3.18.0-0.1.pre. Try replacing the use of the deprecated member with the replacement • lib/ui/components/bottomsheet/manage_services_bottom_sheet.dart:193:45 • deprecated_member_use
   info • 'onBackground' is deprecated and shouldn't be used. Use onSurface instead. This feature was deprecated after v3.18.0-0.1.pre. Try replacing the use of the deprecated member with the replacement • lib/ui/components/bottomsheet/non_printing_bottom_sheet.dart:58:93 • deprecated_member_use
warning • A value for optional parameter 'key' isn't ever given. Try removing the unused parameter • lib/ui/components/bottomsheet/remote_connection/add_remote_connection_bottom_sheet.dart:47:48 • unused_element_parameter
warning • A value for optional parameter 'key' isn't ever given. Try removing the unused parameter • lib/ui/components/bottomsheet/remote_connection/add_remote_connection_bottom_sheet.dart:110:27 • unused_element_parameter
   info • 'withOpacity' is deprecated and shouldn't be used. Use .withValues() to avoid precision loss. Try replacing the use of the deprecated member with the replacement • lib/ui/components/bottomsheet/remote_connection/add_remote_connection_bottom_sheet.dart:129:69 • deprecated_member_use
warning • A value for optional parameter 'key' isn't ever given. Try removing the unused parameter • lib/ui/components/bottomsheet/remote_connection/add_remote_connection_bottom_sheet.dart:156:25 • unused_element_parameter
warning • A value for optional parameter 'key' isn't ever given. Try removing the unused parameter • lib/ui/components/bottomsheet/remote_connection/add_remote_connection_bottom_sheet.dart:217:27 • unused_element_parameter
warning • A value for optional parameter 'key' isn't ever given. Try removing the unused parameter • lib/ui/components/bottomsheet/remote_connection/add_remote_connection_bottom_sheet.dart:296:26 • unused_element_parameter
warning • A value for optional parameter 'key' isn't ever given. Try removing the unused parameter • lib/ui/components/bottomsheet/remote_connection/add_remote_connection_bottom_sheet.dart:379:35 • unused_element_parameter
   info • Missing type annotation. Try adding a type annotation • lib/ui/components/bottomsheet/remote_connection/add_remote_connection_bottom_sheet_controller.dart:64:3 • strict_top_level_inference
   info • Missing type annotation. Try adding a type annotation • lib/ui/components/bottomsheet/remote_connection/add_remote_connection_bottom_sheet_controller.dart:83:3 • strict_top_level_inference
   info • Missing type annotation. Try adding a type annotation • lib/ui/components/bottomsheet/remote_connection/add_remote_connection_bottom_sheet_controller.dart:106:3 • strict_top_level_inference
   info • Missing type annotation. Try adding a type annotation • lib/ui/components/bottomsheet/remote_connection/add_remote_connection_bottom_sheet_controller.dart:119:3 • strict_top_level_inference
   info • Missing type annotation. Try adding a type annotation • lib/ui/components/bottomsheet/remote_connection/add_remote_connection_bottom_sheet_controller.dart:143:3 • strict_top_level_inference
warning • A value for optional parameter 'key' isn't ever given. Try removing the unused parameter • lib/ui/components/bottomsheet/select_file_bottom_sheet.dart:77:22 • unused_element_parameter
warning • The value of the local variable 'content' isn't used. Try removing the variable or using it • lib/ui/components/bottomsheet/select_file_bottom_sheet.dart:87:98 • unused_local_variable
warning • A value for optional parameter 'key' isn't ever given. Try removing the unused parameter • lib/ui/components/bottomsheet/select_file_bottom_sheet.dart:243:11 • unused_element_parameter
warning • The value of the local variable 'options' isn't used. Try removing the variable or using it • lib/ui/components/bottomsheet/selection_bottom_sheet.dart:30:40 • unused_local_variable
warning • This function has a nullable return type of 'Dispose?', but ends without returning a value. Try adding a return statement, or if no value is ever returned, try changing the return type to 'void' • lib/ui/components/bottomsheet/selection_bottom_sheet.dart:42:18 • body_might_complete_normally_nullable
   info • Unnecessary braces in a string interpolation. Try removing the braces • lib/ui/components/bottomsheet/selection_bottom_sheet.dart:49:43 • unnecessary_brace_in_string_interps
   info • 'withOpacity' is deprecated and shouldn't be used. Use .withValues() to avoid precision loss. Try replacing the use of the deprecated member with the replacement • lib/ui/components/bottomsheet/selection_bottom_sheet.dart:302:60 • deprecated_member_use
warning • A value for optional parameter 'key' isn't ever given. Try removing the unused parameter • lib/ui/components/bottomsheet/settings_bottom_sheet.dart:41:30 • unused_element_parameter
warning • A value for optional parameter 'key' isn't ever given. Try removing the unused parameter • lib/ui/components/bottomsheet/settings_bottom_sheet.dart:67:29 • unused_element_parameter
warning • A value for optional parameter 'key' isn't ever given. Try removing the unused parameter • lib/ui/components/bottomsheet/settings_bottom_sheet.dart:85:31 • unused_element_parameter
warning • A value for optional parameter 'key' isn't ever given. Try removing the unused parameter • lib/ui/components/bottomsheet/settings_bottom_sheet.dart:105:31 • unused_element_parameter
warning • A value for optional parameter 'key' isn't ever given. Try removing the unused parameter • lib/ui/components/bottomsheet/sort_mode_bottom_sheet.dart:58:23 • unused_element_parameter
   info • Type could be non-nullable. Try changing the type to be non-nullable • lib/ui/components/bottomsheet/sort_mode_bottom_sheet.dart:67:19 • unnecessary_nullable_for_final_variable_declarations
   info • 'withOpacity' is deprecated and shouldn't be used. Use .withValues() to avoid precision loss. Try replacing the use of the deprecated member with the replacement • lib/ui/components/bottomsheet/sort_mode_bottom_sheet.dart:80:58 • deprecated_member_use
warning • A value for optional parameter 'key' isn't ever given. Try removing the unused parameter • lib/ui/components/bottomsheet/user_bottom_sheet.dart:57:26 • unused_element_parameter
warning • A value for optional parameter 'key' isn't ever given. Try removing the unused parameter • lib/ui/components/bottomsheet/user_bottom_sheet.dart:269:31 • unused_element_parameter
warning • A value for optional parameter 'key' isn't ever given. Try removing the unused parameter • lib/ui/components/bottomsheet/user_bottom_sheet.dart:282:35 • unused_element_parameter
warning • A value for optional parameter 'key' isn't ever given. Try removing the unused parameter • lib/ui/components/bottomsheet/user_bottom_sheet.dart:327:26 • unused_element_parameter
warning • A value for optional parameter 'key' isn't ever given. Try removing the unused parameter • lib/ui/components/bottomsheet/user_bottom_sheet.dart:350:27 • unused_element_parameter
   info • Missing type annotation. Try adding a type annotation • lib/ui/components/bottomsheet/user_bottom_sheet.dart:648:3 • strict_top_level_inference
   info • Missing type annotation. Try adding a type annotation • lib/ui/components/bottomsheet/user_bottom_sheet.dart:655:3 • strict_top_level_inference
warning • A value for optional parameter 'errorText' isn't ever given. Try removing the unused parameter • lib/ui/components/bottomsheet/user_bottom_sheet.dart:668:13 • unused_element_parameter
warning • A value for optional parameter 'infoText' isn't ever given. Try removing the unused parameter • lib/ui/components/bottomsheet/user_bottom_sheet.dart:669:13 • unused_element_parameter
   info • 'withOpacity' is deprecated and shouldn't be used. Use .withValues() to avoid precision loss. Try replacing the use of the deprecated member with the replacement • lib/ui/components/card_with_button.dart:77:72 • deprecated_member_use
   info • 'withOpacity' is deprecated and shouldn't be used. Use .withValues() to avoid precision loss. Try replacing the use of the deprecated member with the replacement • lib/ui/components/card_with_switch.dart:55:68 • deprecated_member_use
   info • 'withOpacity' is deprecated and shouldn't be used. Use .withValues() to avoid precision loss. Try replacing the use of the deprecated member with the replacement • lib/ui/components/card_with_switch.dart:57:56 • deprecated_member_use
warning • A value for optional parameter 'key' isn't ever given. Try removing the unused parameter • lib/ui/components/connection/machine_connection_guard.dart:73:11 • unused_element_parameter
warning • A value for optional parameter 'key' isn't ever given. Try removing the unused parameter • lib/ui/components/connection/machine_connection_guard.dart:183:32 • unused_element_parameter
warning • A value for optional parameter 'key' isn't ever given. Try removing the unused parameter • lib/ui/components/connection/machine_connection_guard.dart:223:11 • unused_element_parameter
warning • Unnecessary cast. Try removing the cast • lib/ui/components/connection/machine_connection_guard.dart:340:20 • unnecessary_cast
warning • A value for optional parameter 'key' isn't ever given. Try removing the unused parameter • lib/ui/components/console/console_card.dart:116:25 • unused_element_parameter
warning • A value for optional parameter 'key' isn't ever given. Try removing the unused parameter • lib/ui/components/console/console_history.dart:54:38 • unused_element_parameter
warning • A value for optional parameter 'key' isn't ever given. Try removing the unused parameter • lib/ui/components/console/console_history.dart:84:11 • unused_element_parameter
warning • A value for optional parameter 'keyboardDismissBehavior' isn't ever given. Try removing the unused parameter • lib/ui/components/console/console_history.dart:88:10 • unused_element_parameter
warning • A value for optional parameter 'key' isn't ever given. Try removing the unused parameter • lib/ui/components/console/console_history.dart:251:32 • unused_element_parameter
   info • 'background' is deprecated and shouldn't be used. Use surface instead. This feature was deprecated after v3.18.0-0.1.pre. Try replacing the use of the deprecated member with the replacement • lib/ui/components/console/console_history.dart:259:41 • deprecated_member_use
warning • This case is covered by the previous cases. Try removing the case clause, or restructuring the preceding patterns • lib/ui/components/dashboard_card.dart:111:9 • unreachable_switch_case
warning • This case is covered by the previous cases. Try removing the case clause, or restructuring the preceding patterns • lib/ui/components/dashboard_card.dart:139:9 • unreachable_switch_case
warning • A value for optional parameter 'key' isn't ever given. Try removing the unused parameter • lib/ui/components/dialog/bed_screw_adjust/bed_screw_adjust_dialog.dart:47:11 • unused_element_parameter
   info • 'onPopInvoked' is deprecated and shouldn't be used. Use onPopInvokedWithResult instead. This feature was deprecated after v3.22.0-12.0.pre. Try replacing the use of the deprecated member with the replacement • lib/ui/components/dialog/bed_screw_adjust/bed_screw_adjust_dialog.dart:61:7 • deprecated_member_use
   info • Don't use 'BuildContext's across async gaps. Try rewriting the code to not use the 'BuildContext', or guard the use with a 'mounted' check • lib/ui/components/dialog/bed_screw_adjust/bed_screw_adjust_dialog.dart:64:37 • use_build_context_synchronously
warning • A value for optional parameter 'key' isn't ever given. Try removing the unused parameter • lib/ui/components/dialog/bed_screw_adjust/bed_screw_adjust_dialog.dart:176:24 • unused_element_parameter
warning • A value for optional parameter 'key' isn't ever given. Try removing the unused parameter • lib/ui/components/dialog/bed_screw_adjust/bed_screw_adjust_dialog.dart:218:40 • unused_element_parameter
   info • 'withOpacity' is deprecated and shouldn't be used. Use .withValues() to avoid precision loss. Try replacing the use of the deprecated member with the replacement • lib/ui/components/dialog/bed_screw_adjust/bed_screw_adjust_dialog.dart:250:64 • deprecated_member_use
   info • 'withOpacity' is deprecated and shouldn't be used. Use .withValues() to avoid precision loss. Try replacing the use of the deprecated member with the replacement • lib/ui/components/dialog/bed_screw_adjust/bed_screw_adjust_dialog.dart:251:56 • deprecated_member_use
   info • 'withOpacity' is deprecated and shouldn't be used. Use .withValues() to avoid precision loss. Try replacing the use of the deprecated member with the replacement • lib/ui/components/dialog/bed_screw_adjust/bed_screw_adjust_dialog.dart:252:56 • deprecated_member_use
   info • Missing type annotation. Try adding a type annotation • lib/ui/components/dialog/bed_screw_adjust/bed_screw_adjust_dialog_controller.dart:48:3 • strict_top_level_inference
   info • Missing type annotation. Try adding a type annotation • lib/ui/components/dialog/bed_screw_adjust/bed_screw_adjust_dialog_controller.dart:53:3 • strict_top_level_inference
   info • Missing type annotation. Try adding a type annotation • lib/ui/components/dialog/bed_screw_adjust/bed_screw_adjust_dialog_controller.dart:57:3 • strict_top_level_inference
   info • Missing type annotation. Try adding a type annotation • lib/ui/components/dialog/bed_screw_adjust/bed_screw_adjust_dialog_controller.dart:61:3 • strict_top_level_inference
warning • A value for optional parameter 'key' isn't ever given. Try removing the unused parameter • lib/ui/components/dialog/edit_form/num_edit_form_dialog.dart:40:34 • unused_element_parameter
warning • A value for optional parameter 'key' isn't ever given. Try removing the unused parameter • lib/ui/components/dialog/exclude_object/exclude_object_dialog.dart:36:37 • unused_element_parameter
warning • A value for optional parameter 'key' isn't ever given. Try removing the unused parameter • lib/ui/components/dialog/exclude_object/exclude_object_dialog.dart:63:22 • unused_element_parameter
warning • A value for optional parameter 'key' isn't ever given. Try removing the unused parameter • lib/ui/components/dialog/exclude_object/exclude_object_dialog.dart:156:34 • unused_element_parameter
   info • 'withOpacity' is deprecated and shouldn't be used. Use .withValues() to avoid precision loss. Try replacing the use of the deprecated member with the replacement • lib/ui/components/dialog/exclude_object/exclude_object_dialog.dart:189:62 • deprecated_member_use
   info • 'withOpacity' is deprecated and shouldn't be used. Use .withValues() to avoid precision loss. Try replacing the use of the deprecated member with the replacement • lib/ui/components/dialog/exclude_object/exclude_object_dialog.dart:190:54 • deprecated_member_use
   info • 'withOpacity' is deprecated and shouldn't be used. Use .withValues() to avoid precision loss. Try replacing the use of the deprecated member with the replacement • lib/ui/components/dialog/exclude_object/exclude_object_dialog.dart:191:54 • deprecated_member_use
warning • A value for optional parameter 'key' isn't ever given. Try removing the unused parameter • lib/ui/components/dialog/filament_operation_dialog.dart:99:22 • unused_element_parameter
warning • This case is covered by the previous cases. Try removing the case clause, or restructuring the preceding patterns • lib/ui/components/dialog/filament_operation_dialog.dart:249:9 • unreachable_switch_case
warning • A value for optional parameter 'key' isn't ever given. Try removing the unused parameter • lib/ui/components/dialog/filament_operation_dialog.dart:364:36 • unused_element_parameter
warning • The left operand can't be null, so the right operand is never executed. Try removing the operator and the right operand • lib/ui/components/dialog/filament_operation_dialog.dart:382:45 • dead_null_aware_expression
warning • A value for optional parameter 'key' isn't ever given. Try removing the unused parameter • lib/ui/components/dialog/filament_operation_dialog.dart:410:32 • unused_element_parameter
warning • A value for optional parameter 'key' isn't ever given. Try removing the unused parameter • lib/ui/components/dialog/filament_operation_dialog.dart:443:34 • unused_element_parameter
warning • The value of the local variable 'controller' isn't used. Try removing the variable or using it • lib/ui/components/dialog/filament_operation_dialog.dart:451:11 • unused_local_variable
warning • A value for optional parameter 'key' isn't ever given. Try removing the unused parameter • lib/ui/components/dialog/filament_operation_dialog.dart:461:35 • unused_element_parameter
warning • A value for optional parameter 'step' isn't ever given. Try removing the unused parameter • lib/ui/components/dialog/filament_operation_dialog.dart:659:72 • unused_element_parameter
warning • A value for optional parameter 'targetTemperature' isn't ever given. Try removing the unused parameter • lib/ui/components/dialog/filament_operation_dialog.dart:662:23 • unused_element_parameter
warning • A value for optional parameter 'movingFilament' isn't ever given. Try removing the unused parameter • lib/ui/components/dialog/filament_operation_dialog.dart:664:11 • unused_element_parameter
warning • A value for optional parameter 'purgingFilament' isn't ever given. Try removing the unused parameter • lib/ui/components/dialog/filament_operation_dialog.dart:665:11 • unused_element_parameter
warning • A value for optional parameter 'key' isn't ever given. Try removing the unused parameter • lib/ui/components/dialog/http_headers/http_header_dialog.dart:35:11 • unused_element_parameter
   info • Unnecessary braces in a string interpolation. Try removing the braces • lib/ui/components/dialog/import_settings/import_settings_dialog.dart:91:52 • unnecessary_brace_in_string_interps
warning • A value for optional parameter 'key' isn't ever given. Try removing the unused parameter • lib/ui/components/dialog/import_settings/import_settings_dialog.dart:182:22 • unused_element_parameter
warning • A value for optional parameter 'key' isn't ever given. Try removing the unused parameter • lib/ui/components/dialog/import_settings/import_settings_dialog.dart:258:31 • unused_element_parameter
warning • A value for optional parameter 'key' isn't ever given. Try removing the unused parameter • lib/ui/components/dialog/led_rgbw/led_rgbw_dialog.dart:42:31 • unused_element_parameter
warning • A value for optional parameter 'key' isn't ever given. Try removing the unused parameter • lib/ui/components/dialog/led_rgbw/led_rgbw_dialog.dart:109:11 • unused_element_parameter
   info • Missing type annotation. Try adding a type annotation • lib/ui/components/dialog/led_rgbw/led_rgbw_dialog_controller.dart:83:3 • strict_top_level_inference
   info • Missing type annotation. Try adding a type annotation • lib/ui/components/dialog/led_rgbw/led_rgbw_dialog_controller.dart:87:3 • strict_top_level_inference
   info • Missing type annotation. Try adding a type annotation • lib/ui/components/dialog/led_rgbw/led_rgbw_dialog_controller.dart:91:3 • strict_top_level_inference
   info • Don't use 'BuildContext's across async gaps. Try rewriting the code to not use the 'BuildContext', or guard the use with a 'mounted' check • lib/ui/components/dialog/logger_dialog.dart:39:31 • use_build_context_synchronously
   info • Unnecessary use of double quotes. Try using single quotes unless the string contains single quotes • lib/ui/components/dialog/logger_dialog.dart:63:61 • prefer_single_quotes
warning • A value for optional parameter 'key' isn't ever given. Try removing the unused parameter • lib/ui/components/dialog/macro_params/macro_params_dialog.dart:48:35 • unused_element_parameter
   info • Missing type annotation. Try adding a type annotation • lib/ui/components/dialog/macro_params/macro_params_dialog.dart:85:3 • strict_top_level_inference
warning • A value for optional parameter 'key' isn't ever given. Try removing the unused parameter • lib/ui/components/dialog/macro_params/macro_params_dialog.dart:96:30 • unused_element_parameter
warning • A value for optional parameter 'key' isn't ever given. Try removing the unused parameter • lib/ui/components/dialog/macro_params/macro_params_dialog.dart:140:31 • unused_element_parameter
warning • A value for optional parameter 'key' isn't ever given. Try removing the unused parameter • lib/ui/components/dialog/macro_settings/macro_settings_dialog.dart:42:37 • unused_element_parameter
warning • A value for optional parameter 'key' isn't ever given. Try removing the unused parameter • lib/ui/components/dialog/macro_settings/macro_settings_dialog.dart:97:24 • unused_element_parameter
warning • A value for optional parameter 'key' isn't ever given. Try removing the unused parameter • lib/ui/components/dialog/macro_settings/macro_settings_dialog.dart:123:28 • unused_element_parameter
   info • 'onPopInvoked' is deprecated and shouldn't be used. Use onPopInvokedWithResult instead. This feature was deprecated after v3.22.0-12.0.pre. Try replacing the use of the deprecated member with the replacement • lib/ui/components/dialog/manual_offset/manual_offset_dialog.dart:42:7 • deprecated_member_use
   info • Don't use 'BuildContext's across async gaps. Try rewriting the code to not use the 'BuildContext', or guard the use with a 'mounted' check • lib/ui/components/dialog/manual_offset/manual_offset_dialog.dart:45:37 • use_build_context_synchronously
warning • A value for optional parameter 'key' isn't ever given. Try removing the unused parameter • lib/ui/components/dialog/manual_offset/manual_offset_dialog.dart:155:24 • unused_element_parameter
warning • A value for optional parameter 'key' isn't ever given. Try removing the unused parameter • lib/ui/components/dialog/screws_tilt_adjust/screws_tilt_adjust_dialog.dart:51:38 • unused_element_parameter
warning • A value for optional parameter 'key' isn't ever given. Try removing the unused parameter • lib/ui/components/dialog/screws_tilt_adjust/screws_tilt_adjust_dialog.dart:107:34 • unused_element_parameter
   info • Missing type annotation. Try adding a type annotation • lib/ui/components/dialog/screws_tilt_adjust/screws_tilt_adjust_dialog.dart:197:3 • strict_top_level_inference
   info • Missing type annotation. Try adding a type annotation • lib/ui/components/dialog/screws_tilt_adjust/screws_tilt_adjust_dialog.dart:201:3 • strict_top_level_inference
   info • Missing type annotation. Try adding a type annotation • lib/ui/components/dialog/screws_tilt_adjust/screws_tilt_adjust_dialog.dart:206:3 • strict_top_level_inference
   info • Missing type annotation. Try adding a type annotation • lib/ui/components/dialog/select_printer/select_printer_controller.dart:27:3 • strict_top_level_inference
   info • 'withOpacity' is deprecated and shouldn't be used. Use .withValues() to avoid precision loss. Try replacing the use of the deprecated member with the replacement • lib/ui/components/graph_card_with_button.dart:89:72 • deprecated_member_use
warning • A value for optional parameter 'key' isn't ever given. Try removing the unused parameter • lib/ui/components/graph_card_with_button.dart:103:11 • unused_element_parameter
   info • Missing type annotation. Try adding a type annotation • lib/ui/components/horizontal_scroll_indicator.dart:51:3 • strict_top_level_inference
   info • Missing type annotation. Try adding a type annotation • lib/ui/components/horizontal_scroll_indicator.dart:70:3 • strict_top_level_inference
   info • Missing type annotation. Try adding a type annotation • lib/ui/components/horizontal_scroll_indicator.dart:91:3 • strict_top_level_inference
warning • The '!' will have no effect because the receiver can't be null. Try removing the '!' operator • lib/ui/components/job_queue_fab.dart:45:30 • unnecessary_non_null_assertion
   info • Missing type annotation. Try adding a type annotation • lib/ui/components/machine_deletion_warning.dart:50:3 • strict_top_level_inference
   info • Missing type annotation. Try adding a type annotation • lib/ui/components/machine_deletion_warning.dart:55:3 • strict_top_level_inference
warning • The value of the local variable 'themeData' isn't used. Try removing the variable or using it • lib/ui/components/machine_deletion_warning.dart:67:9 • unused_local_variable
warning • This default clause is covered by the previous cases. Try removing the default clause, or restructuring the preceding patterns • lib/ui/components/machine_state_indicator.dart:96:7 • unreachable_switch_default
   info • The imported package 'dio' isn't a dependency of the importing package. Try adding a dependency for 'dio' in the 'pubspec.yaml' file • lib/ui/components/mjpeg/adaptive_mjpeg_manager.dart:10:8 • depend_on_referenced_packages
   info • The imported package 'dio' isn't a dependency of the importing package. Try adding a dependency for 'dio' in the 'pubspec.yaml' file • lib/ui/components/mjpeg/mjpeg.dart:14:8 • depend_on_referenced_packages
warning • A value for optional parameter 'key' isn't ever given. Try removing the unused parameter • lib/ui/components/mjpeg/mjpeg.dart:114:11 • unused_element_parameter
warning • A value for optional parameter 'key' isn't ever given. Try removing the unused parameter • lib/ui/components/mjpeg/mjpeg.dart:182:11 • unused_element_parameter
warning • A value for optional parameter 'key' isn't ever given. Try removing the unused parameter • lib/ui/components/mjpeg/mjpeg.dart:230:28 • unused_element_parameter
   info • Missing type annotation. Try adding a type annotation • lib/ui/components/mjpeg/mjpeg.dart:310:3 • strict_top_level_inference
   info • The imported package 'dio' isn't a dependency of the importing package. Try adding a dependency for 'dio' in the 'pubspec.yaml' file • lib/ui/components/mjpeg/mjpeg_manager.dart:6:8 • depend_on_referenced_packages
   info • The import of 'package:hooks_riverpod/hooks_riverpod.dart' is unnecessary because all of the used elements are also provided by the import of 'package:riverpod_annotation/riverpod_annotation.dart'. Try removing the import directive • lib/ui/components/mjpeg/mjpeg_manager.dart:8:8 • unnecessary_import
   info • The imported package 'dio' isn't a dependency of the importing package. Try adding a dependency for 'dio' in the 'pubspec.yaml' file • lib/ui/components/mjpeg/stream_mjpeg_manager.dart:10:8 • depend_on_referenced_packages
   info • Missing type annotation. Try adding a type annotation • lib/ui/components/mjpeg/stream_mjpeg_manager.dart:126:17 • strict_top_level_inference
   info • Missing type annotation. Try adding a type annotation • lib/ui/components/mjpeg/stream_mjpeg_manager.dart:126:24 • strict_top_level_inference
warning • A value for optional parameter 'key' isn't ever given. Try removing the unused parameter • lib/ui/components/power_api_card.dart:96:25 • unused_element_parameter
warning • A value for optional parameter 'key' isn't ever given. Try removing the unused parameter • lib/ui/components/power_api_card.dart:111:37 • unused_element_parameter
   info • 'background' is deprecated and shouldn't be used. Use surface instead. This feature was deprecated after v3.18.0-0.1.pre. Try replacing the use of the deprecated member with the replacement • lib/ui/components/power_api_card.dart:119:47 • deprecated_member_use
warning • A value for optional parameter 'key' isn't ever given. Try removing the unused parameter • lib/ui/components/power_api_card.dart:139:33 • unused_element_parameter
warning • A value for optional parameter 'key' isn't ever given. Try removing the unused parameter • lib/ui/components/power_api_card.dart:185:31 • unused_element_parameter
   info • 'MaterialStateColor' is deprecated and shouldn't be used. Use WidgetStateColor instead. Moved to the Widgets layer to make code available outside of Material. This feature was deprecated after v3.19.0-0.3.pre. Try replacing the use of the deprecated member with the replacement • lib/ui/components/range_edit_slider.dart:243:30 • deprecated_member_use
   info • 'MaterialState' is deprecated and shouldn't be used. Use WidgetState instead. Moved to the Widgets layer to make code available outside of Material. This feature was deprecated after v3.19.0-0.3.pre. Try replacing the use of the deprecated member with the replacement • lib/ui/components/range_edit_slider.dart:243:66 • deprecated_member_use
   info • 'MaterialState' is deprecated and shouldn't be used. Use WidgetState instead. Moved to the Widgets layer to make code available outside of Material. This feature was deprecated after v3.19.0-0.3.pre. Try replacing the use of the deprecated member with the replacement • lib/ui/components/range_edit_slider.dart:244:29 • deprecated_member_use
   info • 'MaterialState' is deprecated and shouldn't be used. Use WidgetState instead. Moved to the Widgets layer to make code available outside of Material. This feature was deprecated after v3.19.0-0.3.pre. Try replacing the use of the deprecated member with the replacement • lib/ui/components/range_edit_slider.dart:247:29 • deprecated_member_use
   info • 'MaterialState' is deprecated and shouldn't be used. Use WidgetState instead. Moved to the Widgets layer to make code available outside of Material. This feature was deprecated after v3.19.0-0.3.pre. Try replacing the use of the deprecated member with the replacement • lib/ui/components/range_edit_slider.dart:250:29 • deprecated_member_use
   info • Missing type annotation. Try adding a type annotation • lib/ui/components/remote_announcements.dart:53:3 • strict_top_level_inference
   info • Missing type annotation. Try adding a type annotation • lib/ui/components/remote_announcements.dart:61:3 • strict_top_level_inference
warning • A value for optional parameter 'key' isn't ever given. Try removing the unused parameter • lib/ui/components/remote_announcements.dart:78:30 • unused_element_parameter
warning • This case is covered by the previous cases. Try removing the case clause, or restructuring the preceding patterns • lib/ui/components/remote_announcements.dart:141:9 • unreachable_switch_case
   info • Import of a library in the 'lib/src' directory of another package. Try importing a public library that exports this library, or removing the import • lib/ui/components/reordable_multi_col_row.dart:12:8 • implementation_imports
   info • Import of a library in the 'lib/src' directory of another package. Try importing a public library that exports this library, or removing the import • lib/ui/components/reordable_multi_col_row.dart:13:8 • implementation_imports
   info • Import of a library in the 'lib/src' directory of another package. Try importing a public library that exports this library, or removing the import • lib/ui/components/reordable_multi_col_row.dart:14:8 • implementation_imports
   info • Import of a library in the 'lib/src' directory of another package. Try importing a public library that exports this library, or removing the import • lib/ui/components/reordable_multi_col_row.dart:15:8 • implementation_imports
warning • The value of the local variable 'speed' isn't used. Try removing the variable or using it • lib/ui/components/reordable_multi_col_row.dart:242:14 • unused_local_variable
warning • The value of the local variable 'speed' isn't used. Try removing the variable or using it • lib/ui/components/reordable_multi_col_row.dart:249:14 • unused_local_variable
   info • The local variable '_reorder' starts with an underscore. Try renaming the variable to not start with an underscore • lib/ui/components/reordable_multi_col_row.dart:327:10 • no_leading_underscores_for_local_identifiers
   info • Use a 'SizedBox' to add whitespace to a layout. Try using a 'SizedBox' rather than a 'Container' • lib/ui/components/reordable_multi_col_row.dart:381:69 • sized_box_for_whitespace
   info • Use a 'SizedBox' to add whitespace to a layout. Try using a 'SizedBox' rather than a 'Container' • lib/ui/components/reordable_multi_col_row.dart:402:69 • sized_box_for_whitespace
   info • Use the null-aware marker '?' rather than a null check via an 'if'. Try using '?' • lib/ui/components/reordable_multi_col_row.dart:571:15 • use_null_aware_elements
   info • Use the null-aware marker '?' rather than a null check via an 'if'. Try using '?' • lib/ui/components/reordable_multi_col_row.dart:573:15 • use_null_aware_elements
warning • A value for optional parameter 'key' isn't ever given. Try removing the unused parameter • lib/ui/components/reordable_multi_col_row.dart:602:11 • unused_element_parameter
   info • 'axisAlignment' is deprecated and shouldn't be used. Use alignment instead. This property provides full control over both axes, which is an improvement over the old axisAlignment. This feature was deprecated after v3.41.0-1.0.pre. Try replacing the use of the deprecated member with the replacement • lib/ui/components/reordable_multi_col_row.dart:626:7 • deprecated_member_use
   info • Missing type annotation. Try adding a type annotation • lib/ui/components/supporter_ad.dart:39:3 • strict_top_level_inference
   info • Missing type annotation. Try adding a type annotation • lib/ui/components/supporter_ad.dart:44:3 • strict_top_level_inference
   info • 'withOpacity' is deprecated and shouldn't be used. Use .withValues() to avoid precision loss. Try replacing the use of the deprecated member with the replacement • lib/ui/components/tool_channel_selector/active_tool_channel.dart:94:60 • deprecated_member_use
warning • A value for optional parameter 'key' isn't ever given. Try removing the unused parameter • lib/ui/components/tool_channel_selector/machine_tool_channel_selector.dart:32:44 • unused_element_parameter
warning • A value for optional parameter 'key' isn't ever given. Try removing the unused parameter • lib/ui/components/tool_channel_selector/macro_tool_selector.dart:50:39 • unused_element_parameter
   info • 'withOpacity' is deprecated and shouldn't be used. Use .withValues() to avoid precision loss. Try replacing the use of the deprecated member with the replacement • lib/ui/components/tool_channel_selector/no_tool_selected.dart:85:60 • deprecated_member_use
   info • 'withOpacity' is deprecated and shouldn't be used. Use .withValues() to avoid precision loss. Try replacing the use of the deprecated member with the replacement • lib/ui/components/tool_channel_selector/operation_tool_channel.dart:94:60 • deprecated_member_use
   info • 'background' is deprecated and shouldn't be used. Use surface instead. This feature was deprecated after v3.18.0-0.1.pre. Try replacing the use of the deprecated member with the replacement • lib/ui/components/tool_channel_selector/skeleton_tool_channel.dart:22:45 • deprecated_member_use
   info • 'withOpacity' is deprecated and shouldn't be used. Use .withValues() to avoid precision loss. Try replacing the use of the deprecated member with the replacement • lib/ui/components/tool_channel_selector/skeleton_tool_channel.dart:97:60 • deprecated_member_use
warning • A value for optional parameter 'key' isn't ever given. Try removing the unused parameter • lib/ui/components/tool_channel_selector/u1_tool_selector.dart:50:36 • unused_element_parameter
warning • A value for optional parameter 'key' isn't ever given. Try removing the unused parameter • lib/ui/screens/console/console_page.dart:52:29 • unused_element_parameter
warning • The value of the local variable 'theme' isn't used. Try removing the variable or using it • lib/ui/screens/console/console_page.dart:60:11 • unused_local_variable
warning • A value for optional parameter 'key' isn't ever given. Try removing the unused parameter • lib/ui/screens/console/console_page.dart:86:26 • unused_element_parameter
warning • A value for optional parameter 'key' isn't ever given. Try removing the unused parameter • lib/ui/screens/console/console_page.dart:127:28 • unused_element_parameter
warning • A value for optional parameter 'key' isn't ever given. Try removing the unused parameter • lib/ui/screens/dashboard/components/bed_mesh_card.dart:85:25 • unused_element_parameter
warning • A value for optional parameter 'key' isn't ever given. Try removing the unused parameter • lib/ui/screens/dashboard/components/bed_mesh_card.dart:98:32 • unused_element_parameter
   info • 'background' is deprecated and shouldn't be used. Use surface instead. This feature was deprecated after v3.18.0-0.1.pre. Try replacing the use of the deprecated member with the replacement • lib/ui/screens/dashboard/components/bed_mesh_card.dart:106:47 • deprecated_member_use
warning • A value for optional parameter 'key' isn't ever given. Try removing the unused parameter • lib/ui/screens/dashboard/components/bed_mesh_card.dart:155:27 • unused_element_parameter
warning • A value for optional parameter 'key' isn't ever given. Try removing the unused parameter • lib/ui/screens/dashboard/components/bed_mesh_card.dart:177:26 • unused_element_parameter
   info • Unnecessary braces in a string interpolation. Try removing the braces • lib/ui/screens/dashboard/components/bed_mesh_card.dart:450:49 • unnecessary_brace_in_string_interps
warning • The declaration '_toolchangeMacroRegex' isn't referenced. Try removing the declaration of '_toolchangeMacroRegex' • lib/ui/screens/dashboard/components/control_extruder_card.dart:57:8 • unused_element
warning • A value for optional parameter 'key' isn't ever given. Try removing the unused parameter • lib/ui/screens/dashboard/components/control_extruder_card.dart:102:25 • unused_element_parameter
   info • 'background' is deprecated and shouldn't be used. Use surface instead. This feature was deprecated after v3.18.0-0.1.pre. Try replacing the use of the deprecated member with the replacement • lib/ui/screens/dashboard/components/control_extruder_card.dart:137:47 • deprecated_member_use
warning • A value for optional parameter 'key' isn't ever given. Try removing the unused parameter • lib/ui/screens/dashboard/components/control_extruder_card.dart:229:27 • unused_element_parameter
   info • Redundant initialization to 'null'. Try removing the initializer • lib/ui/screens/dashboard/components/control_extruder_card.dart:238:13 • avoid_init_to_null
warning • A value for optional parameter 'key' isn't ever given. Try removing the unused parameter • lib/ui/screens/dashboard/components/control_extruder_card.dart:281:26 • unused_element_parameter
warning • The declaration '_ToolItem' isn't referenced. Try removing the declaration of '_ToolItem' • lib/ui/screens/dashboard/components/control_extruder_card.dart:408:7 • unused_element
warning • A value for optional parameter 'key' isn't ever given. Try removing the unused parameter • lib/ui/screens/dashboard/components/control_extruder_card.dart:409:26 • unused_element_parameter
warning • The declaration '_bottomSheetService' isn't referenced. Try removing the declaration of '_bottomSheetService' • lib/ui/screens/dashboard/components/control_extruder_card.dart:441:26 • unused_element
warning • A value for optional parameter 'key' isn't ever given. Try removing the unused parameter • lib/ui/screens/dashboard/components/control_xyz_card.dart:93:25 • unused_element_parameter
warning • A value for optional parameter 'key' isn't ever given. Try removing the unused parameter • lib/ui/screens/dashboard/components/control_xyz_card.dart:121:35 • unused_element_parameter
   info • 'background' is deprecated and shouldn't be used. Use surface instead. This feature was deprecated after v3.18.0-0.1.pre. Try replacing the use of the deprecated member with the replacement • lib/ui/screens/dashboard/components/control_xyz_card.dart:129:47 • deprecated_member_use
warning • A value for optional parameter 'key' isn't ever given. Try removing the unused parameter • lib/ui/screens/dashboard/components/control_xyz_card.dart:246:27 • unused_element_parameter
   info • Use the null-aware marker '?' rather than a null check via an 'if'. Try using '?' • lib/ui/screens/dashboard/components/control_xyz_card.dart:263:36 • use_null_aware_elements
warning • A value for optional parameter 'key' isn't ever given. Try removing the unused parameter • lib/ui/screens/dashboard/components/control_xyz_card.dart:272:26 • unused_element_parameter
warning • A value for optional parameter 'key' isn't ever given. Try removing the unused parameter • lib/ui/screens/dashboard/components/control_xyz_card.dart:303:32 • unused_element_parameter
warning • A value for optional parameter 'key' isn't ever given. Try removing the unused parameter • lib/ui/screens/dashboard/components/control_xyz_card.dart:364:31 • unused_element_parameter
warning • A value for optional parameter 'key' isn't ever given. Try removing the unused parameter • lib/ui/screens/dashboard/components/control_xyz_card.dart:405:36 • unused_element_parameter
warning • A value for optional parameter 'key' isn't ever given. Try removing the unused parameter • lib/ui/screens/dashboard/components/control_xyz_card.dart:450:34 • unused_element_parameter
warning • A value for optional parameter 'key' isn't ever given. Try removing the unused parameter • lib/ui/screens/dashboard/components/control_xyz_card.dart:503:36 • unused_element_parameter
   info • 'withOpacity' is deprecated and shouldn't be used. Use .withValues() to avoid precision loss. Try replacing the use of the deprecated member with the replacement • lib/ui/screens/dashboard/components/editing_dashboard_card.dart:48:39 • deprecated_member_use
warning • A value for optional parameter 'key' isn't ever given. Try removing the unused parameter • lib/ui/screens/dashboard/components/fans_card.dart:84:25 • unused_element_parameter
warning • A value for optional parameter 'key' isn't ever given. Try removing the unused parameter • lib/ui/screens/dashboard/components/fans_card.dart:97:33 • unused_element_parameter
   info • 'background' is deprecated and shouldn't be used. Use surface instead. This feature was deprecated after v3.18.0-0.1.pre. Try replacing the use of the deprecated member with the replacement • lib/ui/screens/dashboard/components/fans_card.dart:105:47 • deprecated_member_use
warning • A value for optional parameter 'key' isn't ever given. Try removing the unused parameter • lib/ui/screens/dashboard/components/fans_card.dart:122:27 • unused_element_parameter
warning • A value for optional parameter 'key' isn't ever given. Try removing the unused parameter • lib/ui/screens/dashboard/components/fans_card.dart:140:26 • unused_element_parameter
warning • A value for optional parameter 'key' isn't ever given. Try removing the unused parameter • lib/ui/screens/dashboard/components/fans_card.dart:176:21 • unused_element_parameter
warning • A value for optional parameter 'key' isn't ever given. Try removing the unused parameter • lib/ui/screens/dashboard/components/fans_card.dart:230:25 • unused_element_parameter
   info • Unnecessary empty statement. Try removing the empty statement or restructuring the code • lib/ui/screens/dashboard/components/fans_card.dart:356:7 • empty_statements
   info • The member 'onToggleFan' overrides an inherited member but isn't annotated with '@override'. Try adding the '@override' annotation • lib/ui/screens/dashboard/components/fans_card.dart:402:8 • annotate_overrides
warning • A value for optional parameter 'key' isn't ever given. Try removing the unused parameter • lib/ui/screens/dashboard/components/firmware_retraction_card.dart:75:25 • unused_element_parameter
warning • A value for optional parameter 'key' isn't ever given. Try removing the unused parameter • lib/ui/screens/dashboard/components/firmware_retraction_card.dart:120:57 • unused_element_parameter
   info • 'background' is deprecated and shouldn't be used. Use surface instead. This feature was deprecated after v3.18.0-0.1.pre. Try replacing the use of the deprecated member with the replacement • lib/ui/screens/dashboard/components/firmware_retraction_card.dart:127:45 • deprecated_member_use
warning • A value for optional parameter 'key' isn't ever given. Try removing the unused parameter • lib/ui/screens/dashboard/components/firmware_retraction_card.dart:151:26 • unused_element_parameter
   info • Missing type annotation. Try adding a type annotation • lib/ui/screens/dashboard/components/firmware_retraction_card.dart:275:3 • strict_top_level_inference
   info • Missing type annotation. Try adding a type annotation • lib/ui/screens/dashboard/components/firmware_retraction_card.dart:279:3 • strict_top_level_inference
   info • Missing type annotation. Try adding a type annotation • lib/ui/screens/dashboard/components/firmware_retraction_card.dart:283:3 • strict_top_level_inference
   info • Missing type annotation. Try adding a type annotation • lib/ui/screens/dashboard/components/firmware_retraction_card.dart:287:3 • strict_top_level_inference
warning • A value for optional parameter 'key' isn't ever given. Try removing the unused parameter • lib/ui/screens/dashboard/components/grouped_sliders_card.dart:45:22 • unused_element_parameter
warning • The value of the field '_machineUUID' isn't used. Try removing the field, or using it • lib/ui/screens/dashboard/components/grouped_sliders_card.dart:77:23 • unused_field
warning • A value for optional parameter 'key' isn't ever given. Try removing the unused parameter • lib/ui/screens/dashboard/components/grouped_sliders_card.dart:79:25 • unused_element_parameter
warning • A value for optional parameter 'key' isn't ever given. Try removing the unused parameter • lib/ui/screens/dashboard/components/limits_card.dart:54:25 • unused_element_parameter
warning • A value for optional parameter 'key' isn't ever given. Try removing the unused parameter • lib/ui/screens/dashboard/components/limits_card.dart:71:45 • unused_element_parameter
   info • 'background' is deprecated and shouldn't be used. Use surface instead. This feature was deprecated after v3.18.0-0.1.pre. Try replacing the use of the deprecated member with the replacement • lib/ui/screens/dashboard/components/limits_card.dart:78:45 • deprecated_member_use
warning • A value for optional parameter 'key' isn't ever given. Try removing the unused parameter • lib/ui/screens/dashboard/components/limits_card.dart:123:22 • unused_element_parameter
   info • Missing type annotation. Try adding a type annotation • lib/ui/screens/dashboard/components/limits_card.dart:230:3 • strict_top_level_inference
   info • Missing type annotation. Try adding a type annotation • lib/ui/screens/dashboard/components/limits_card.dart:234:3 • strict_top_level_inference
   info • Missing type annotation. Try adding a type annotation • lib/ui/screens/dashboard/components/limits_card.dart:238:3 • strict_top_level_inference
   info • Missing type annotation. Try adding a type annotation • lib/ui/screens/dashboard/components/limits_card.dart:242:3 • strict_top_level_inference
warning • A value for optional parameter 'key' isn't ever given. Try removing the unused parameter • lib/ui/screens/dashboard/components/machine_status_card.dart:102:42 • unused_element_parameter
warning • A value for optional parameter 'key' isn't ever given. Try removing the unused parameter • lib/ui/screens/dashboard/components/machine_status_card.dart:117:42 • unused_element_parameter
   info • 'background' is deprecated and shouldn't be used. Use surface instead. This feature was deprecated after v3.18.0-0.1.pre. Try replacing the use of the deprecated member with the replacement • lib/ui/screens/dashboard/components/machine_status_card.dart:125:47 • deprecated_member_use
warning • A value for optional parameter 'key' isn't ever given. Try removing the unused parameter • lib/ui/screens/dashboard/components/machine_status_card.dart:136:27 • unused_element_parameter
warning • A value for optional parameter 'key' isn't ever given. Try removing the unused parameter • lib/ui/screens/dashboard/components/machine_status_card.dart:166:23 • unused_element_parameter
warning • A value for optional parameter 'key' isn't ever given. Try removing the unused parameter • lib/ui/screens/dashboard/components/machine_status_card.dart:204:26 • unused_element_parameter
warning • A value for optional parameter 'key' isn't ever given. Try removing the unused parameter • lib/ui/screens/dashboard/components/machine_status_card.dart:293:42 • unused_element_parameter
warning • A value for optional parameter 'key' isn't ever given. Try removing the unused parameter • lib/ui/screens/dashboard/components/machine_status_card.dart:337:29 • unused_element_parameter
warning • A value for optional parameter 'key' isn't ever given. Try removing the unused parameter • lib/ui/screens/dashboard/components/machine_status_card.dart:384:31 • unused_element_parameter
warning • A value for optional parameter 'key' isn't ever given. Try removing the unused parameter • lib/ui/screens/dashboard/components/macro_group_card.dart:79:25 • unused_element_parameter
warning • A value for optional parameter 'key' isn't ever given. Try removing the unused parameter • lib/ui/screens/dashboard/components/macro_group_card.dart:94:35 • unused_element_parameter
   info • 'background' is deprecated and shouldn't be used. Use surface instead. This feature was deprecated after v3.18.0-0.1.pre. Try replacing the use of the deprecated member with the replacement • lib/ui/screens/dashboard/components/macro_group_card.dart:102:47 • deprecated_member_use
warning • A value for optional parameter 'key' isn't ever given. Try removing the unused parameter • lib/ui/screens/dashboard/components/macro_group_card.dart:132:27 • unused_element_parameter
warning • A value for optional parameter 'key' isn't ever given. Try removing the unused parameter • lib/ui/screens/dashboard/components/macro_group_card.dart:168:31 • unused_element_parameter
warning • This function has a nullable return type of 'Dispose?', but ends without returning a value. Try adding a return statement, or if no value is ever returned, try changing the return type to 'void' • lib/ui/screens/dashboard/components/macro_group_card.dart:190:18 • body_might_complete_normally_nullable
warning • This function has a nullable return type of 'Dispose?', but ends without returning a value. Try adding a return statement, or if no value is ever returned, try changing the return type to 'void' • lib/ui/screens/dashboard/components/macro_group_card.dart:195:18 • body_might_complete_normally_nullable
warning • A value for optional parameter 'key' isn't ever given. Try removing the unused parameter • lib/ui/screens/dashboard/components/macro_group_card.dart:259:11 • unused_element_parameter
warning • This method overrides a method annotated as '@mustCallSuper' in 'State', but doesn't invoke the overridden method • lib/ui/screens/dashboard/components/macro_group_card.dart:288:8 • must_call_super
   info • Missing type annotation. Try adding a type annotation • lib/ui/screens/dashboard/components/macro_group_card.dart:414:3 • strict_top_level_inference
   info • Missing type annotation. Try adding a type annotation • lib/ui/screens/dashboard/components/macro_group_card.dart:438:3 • strict_top_level_inference
warning • A value for optional parameter 'key' isn't ever given. Try removing the unused parameter • lib/ui/screens/dashboard/components/multipliers_card.dart:53:25 • unused_element_parameter
warning • A value for optional parameter 'key' isn't ever given. Try removing the unused parameter • lib/ui/screens/dashboard/components/multipliers_card.dart:72:50 • unused_element_parameter
   info • 'background' is deprecated and shouldn't be used. Use surface instead. This feature was deprecated after v3.18.0-0.1.pre. Try replacing the use of the deprecated member with the replacement • lib/ui/screens/dashboard/components/multipliers_card.dart:79:45 • deprecated_member_use
warning • A value for optional parameter 'key' isn't ever given. Try removing the unused parameter • lib/ui/screens/dashboard/components/multipliers_card.dart:125:22 • unused_element_parameter
   info • Missing type annotation. Try adding a type annotation • lib/ui/screens/dashboard/components/multipliers_card.dart:229:3 • strict_top_level_inference
   info • Missing type annotation. Try adding a type annotation • lib/ui/screens/dashboard/components/multipliers_card.dart:233:3 • strict_top_level_inference
   info • Missing type annotation. Try adding a type annotation • lib/ui/screens/dashboard/components/multipliers_card.dart:237:3 • strict_top_level_inference
   info • Missing type annotation. Try adding a type annotation • lib/ui/screens/dashboard/components/multipliers_card.dart:241:3 • strict_top_level_inference
warning • A value for optional parameter 'key' isn't ever given. Try removing the unused parameter • lib/ui/screens/dashboard/components/pins_card.dart:92:25 • unused_element_parameter
warning • A value for optional parameter 'key' isn't ever given. Try removing the unused parameter • lib/ui/screens/dashboard/components/pins_card.dart:105:33 • unused_element_parameter
   info • 'background' is deprecated and shouldn't be used. Use surface instead. This feature was deprecated after v3.18.0-0.1.pre. Try replacing the use of the deprecated member with the replacement • lib/ui/screens/dashboard/components/pins_card.dart:113:47 • deprecated_member_use
warning • A value for optional parameter 'key' isn't ever given. Try removing the unused parameter • lib/ui/screens/dashboard/components/pins_card.dart:130:27 • unused_element_parameter
warning • A value for optional parameter 'key' isn't ever given. Try removing the unused parameter • lib/ui/screens/dashboard/components/pins_card.dart:146:26 • unused_element_parameter
warning • A value for optional parameter 'key' isn't ever given. Try removing the unused parameter • lib/ui/screens/dashboard/components/pins_card.dart:173:25 • unused_element_parameter
warning • A value for optional parameter 'key' isn't ever given. Try removing the unused parameter • lib/ui/screens/dashboard/components/pins_card.dart:192:24 • unused_element_parameter
warning • A value for optional parameter 'key' isn't ever given. Try removing the unused parameter • lib/ui/screens/dashboard/components/pins_card.dart:275:21 • unused_element_parameter
warning • A value for optional parameter 'key' isn't ever given. Try removing the unused parameter • lib/ui/screens/dashboard/components/pins_card.dart:414:32 • unused_element_parameter
   info • 'value' is deprecated and shouldn't be used. Use component accessors like .r or .g, or toARGB32 for an explicit conversion. Try replacing the use of the deprecated member with the replacement • lib/ui/screens/dashboard/components/pins_card.dart:640:47 • deprecated_member_use
warning • A value for optional parameter 'key' isn't ever given. Try removing the unused parameter • lib/ui/screens/dashboard/components/temperature_card/heater_sensor_card.dart:96:41 • unused_element_parameter
warning • A value for optional parameter 'key' isn't ever given. Try removing the unused parameter • lib/ui/screens/dashboard/components/temperature_card/heater_sensor_card.dart:143:26 • unused_element_parameter
warning • A value for optional parameter 'key' isn't ever given. Try removing the unused parameter • lib/ui/screens/dashboard/components/temperature_card/heater_sensor_card.dart:168:33 • unused_element_parameter
warning • A value for optional parameter 'key' isn't ever given. Try removing the unused parameter • lib/ui/screens/dashboard/components/temperature_card/heater_sensor_card.dart:203:11 • unused_element_parameter
warning • A value for optional parameter 'key' isn't ever given. Try removing the unused parameter • lib/ui/screens/dashboard/components/temperature_card/heater_sensor_card.dart:308:39 • unused_element_parameter
warning • A value for optional parameter 'key' isn't ever given. Try removing the unused parameter • lib/ui/screens/dashboard/components/temperature_card/heater_sensor_card.dart:363:11 • unused_element_parameter
warning • The value of the field 'icoSize' isn't used. Try removing the field, or using it • lib/ui/screens/dashboard/components/temperature_card/heater_sensor_card.dart:431:23 • unused_field
warning • A value for optional parameter 'key' isn't ever given. Try removing the unused parameter • lib/ui/screens/dashboard/components/temperature_card/heater_sensor_card.dart:434:11 • unused_element_parameter
   info • Unnecessary 'this.' qualifier. Try removing 'this.' • lib/ui/screens/dashboard/components/temperature_card/heater_sensor_card.dart:640:19 • unnecessary_this
warning • A value for optional parameter 'key' isn't ever given. Try removing the unused parameter • lib/ui/screens/dashboard/components/temperature_card/temperature_preset_card.dart:62:26 • unused_element_parameter
warning • A value for optional parameter 'key' isn't ever given. Try removing the unused parameter • lib/ui/screens/dashboard/components/temperature_card/temperature_preset_card.dart:99:11 • unused_element_parameter
   info • Missing type annotation. Try adding a type annotation • lib/ui/screens/dashboard/components/temperature_card/temperature_preset_card.dart:173:3 • strict_top_level_inference
warning • The value of the field '_machineUUID' isn't used. Try removing the field, or using it • lib/ui/screens/dashboard/components/temperature_card/temperature_sensor_preset_card.dart:62:23 • unused_field
warning • A value for optional parameter 'key' isn't ever given. Try removing the unused parameter • lib/ui/screens/dashboard/components/temperature_card/temperature_sensor_preset_card.dart:64:52 • unused_element_parameter
warning • The value of the local variable 'defaultTextStyle' isn't used. Try removing the variable or using it • lib/ui/screens/dashboard/components/temperature_card/temperature_sensor_preset_card.dart:114:9 • unused_local_variable
   info • 'background' is deprecated and shouldn't be used. Use surface instead. This feature was deprecated after v3.18.0-0.1.pre. Try replacing the use of the deprecated member with the replacement • lib/ui/screens/dashboard/components/temperature_card/temperature_sensor_preset_card.dart:120:49 • deprecated_member_use
   info • The constant name 'POS_ROW' isn't a lowerCamelCase identifier. Try changing the name to follow the lowerCamelCase style • lib/ui/screens/dashboard/components/toolhead_info/toolhead_info_table.dart:23:23 • constant_identifier_names
   info • The constant name 'MOV_ROW' isn't a lowerCamelCase identifier. Try changing the name to follow the lowerCamelCase style • lib/ui/screens/dashboard/components/toolhead_info/toolhead_info_table.dart:24:23 • constant_identifier_names
   info • The constant name 'SUMMARY_ROW' isn't a lowerCamelCase identifier. Try changing the name to follow the lowerCamelCase style • lib/ui/screens/dashboard/components/toolhead_info/toolhead_info_table.dart:25:23 • constant_identifier_names
warning • A value for optional parameter 'key' isn't ever given. Try removing the unused parameter • lib/ui/screens/dashboard/components/toolhead_info/toolhead_info_table.dart:40:30 • unused_element_parameter
   info • Redundant initialization to 'null'. Try removing the initializer • lib/ui/screens/dashboard/components/toolhead_info/toolhead_info_table.dart:179:30 • avoid_init_to_null
warning • A value for optional parameter 'key' isn't ever given. Try removing the unused parameter • lib/ui/screens/dashboard/components/toolhead_info/toolhead_info_table.dart:233:30 • unused_element_parameter
warning • A value for optional parameter 'key' isn't ever given. Try removing the unused parameter • lib/ui/screens/dashboard/components/toolhead_info/toolhead_info_table.dart:264:29 • unused_element_parameter
   info • 'background' is deprecated and shouldn't be used. Use surface instead. This feature was deprecated after v3.18.0-0.1.pre. Try replacing the use of the deprecated member with the replacement • lib/ui/screens/dashboard/components/toolhead_info/toolhead_info_table.dart:272:45 • deprecated_member_use
warning • A value for optional parameter 'key' isn't ever given. Try removing the unused parameter • lib/ui/screens/dashboard/components/toolhead_info/toolhead_info_table.dart:297:37 • unused_element_parameter
warning • A value for optional parameter 'key' isn't ever given. Try removing the unused parameter • lib/ui/screens/dashboard/components/webcam_card.dart:106:25 • unused_element_parameter
   info • 'background' is deprecated and shouldn't be used. Use surface instead. This feature was deprecated after v3.18.0-0.1.pre. Try replacing the use of the deprecated member with the replacement • lib/ui/screens/dashboard/components/webcam_card.dart:127:47 • deprecated_member_use
warning • A value for optional parameter 'key' isn't ever given. Try removing the unused parameter • lib/ui/screens/dashboard/components/webcam_card.dart:169:27 • unused_element_parameter
warning • A value for optional parameter 'key' isn't ever given. Try removing the unused parameter • lib/ui/screens/dashboard/components/webcam_card.dart:184:26 • unused_element_parameter
warning • A value for optional parameter 'key' isn't ever given. Try removing the unused parameter • lib/ui/screens/dashboard/components/webcam_card.dart:209:26 • unused_element_parameter
warning • A value for optional parameter 'userRequestedHide' isn't ever given. Try removing the unused parameter • lib/ui/screens/dashboard/components/webcam_card.dart:375:26 • unused_element_parameter
warning • A value for optional parameter 'key' isn't ever given. Try removing the unused parameter • lib/ui/screens/dashboard/components/z_offset_card.dart:77:36 • unused_element_parameter
warning • A value for optional parameter 'key' isn't ever given. Try removing the unused parameter • lib/ui/screens/dashboard/components/z_offset_card.dart:90:32 • unused_element_parameter
   info • 'background' is deprecated and shouldn't be used. Use surface instead. This feature was deprecated after v3.18.0-0.1.pre. Try replacing the use of the deprecated member with the replacement • lib/ui/screens/dashboard/components/z_offset_card.dart:98:47 • deprecated_member_use
warning • A value for optional parameter 'key' isn't ever given. Try removing the unused parameter • lib/ui/screens/dashboard/components/z_offset_card.dart:141:27 • unused_element_parameter
warning • A value for optional parameter 'key' isn't ever given. Try removing the unused parameter • lib/ui/screens/dashboard/components/z_offset_card.dart:168:26 • unused_element_parameter
warning • A value for optional parameter 'key' isn't ever given. Try removing the unused parameter • lib/ui/screens/dashboard/customizable_dashboard_page.dart:112:31 • unused_element_parameter
warning • A value for optional parameter 'key' isn't ever given. Try removing the unused parameter • lib/ui/screens/dashboard/customizable_dashboard_page.dart:161:26 • unused_element_parameter
warning • A value for optional parameter 'key' isn't ever given. Try removing the unused parameter • lib/ui/screens/dashboard/customizable_dashboard_page.dart:337:35 • unused_element_parameter
warning • A value for optional parameter 'key' isn't ever given. Try removing the unused parameter • lib/ui/screens/dashboard/customizable_dashboard_page.dart:487:37 • unused_element_parameter
warning • A value for optional parameter 'key' isn't ever given. Try removing the unused parameter • lib/ui/screens/dashboard/customizable_dashboard_page.dart:528:24 • unused_element_parameter
warning • A value for optional parameter 'key' isn't ever given. Try removing the unused parameter • lib/ui/screens/dashboard/customizable_dashboard_page.dart:550:31 • unused_element_parameter
warning • The receiver can't be null, so the null-aware operator '?.' is unnecessary. Try replacing the operator '?.' with '.' • lib/ui/screens/dashboard/customizable_dashboard_page.dart:614:135 • invalid_null_aware_operator
warning • The receiver can't be null, so the null-aware operator '?.' is unnecessary. Try replacing the operator '?.' with '.' • lib/ui/screens/dashboard/customizable_dashboard_page.dart:614:168 • invalid_null_aware_operator
   info • 'onReorder' is deprecated and shouldn't be used. Use the onReorderItem callback instead. The onReorderItem callback adjusts the newIndex parameter for a removed item at the oldIndex. This feature was deprecated after v3.41.0-0.0.pre. Try replacing the use of the deprecated member with the replacement • lib/ui/screens/dashboard/layouts/dashboard_compact_layout_page.dart:132:13 • deprecated_member_use
warning • The declaration '_buildCard' isn't referenced. Try removing the declaration of '_buildCard' • lib/ui/screens/dashboard/layouts/dashboard_compact_layout_page.dart:186:10 • unused_element
warning • A value for optional parameter 'key' isn't ever given. Try removing the unused parameter • lib/ui/screens/dashboard/layouts/dashboard_compact_layout_page.dart:222:31 • unused_element_parameter
   info • 'withOpacity' is deprecated and shouldn't be used. Use .withValues() to avoid precision loss. Try replacing the use of the deprecated member with the replacement • lib/ui/screens/dashboard/layouts/dashboard_compact_layout_page.dart:241:61 • deprecated_member_use
   info • 'withOpacity' is deprecated and shouldn't be used. Use .withValues() to avoid precision loss. Try replacing the use of the deprecated member with the replacement • lib/ui/screens/dashboard/layouts/dashboard_medium_layout.dart:212:57 • deprecated_member_use
   info • The imported package 'dio' isn't a dependency of the importing package. Try adding a dependency for 'dio' in the 'pubspec.yaml' file • lib/ui/screens/dev/dev_page.dart:31:8 • depend_on_referenced_packages
   info • The imported package 'google_mobile_ads' isn't a dependency of the importing package. Try adding a dependency for 'google_mobile_ads' in the 'pubspec.yaml' file • lib/ui/screens/dev/dev_page.dart:38:8 • depend_on_referenced_packages
warning • This class (or a class that this class inherits from) is marked as '@immutable', but one or more of its instance fields aren't final: DevPage._bla • lib/ui/screens/dev/dev_page.dart:87:7 • must_be_immutable
warning • The value of the field '_bla' isn't used. Try removing the field, or using it • lib/ui/screens/dev/dev_page.dart:90:11 • unused_field
   info • Unnecessary use of double quotes. Try using single quotes unless the string contains single quotes • lib/ui/screens/dev/dev_page.dart:123:19 • prefer_single_quotes
   info • Unnecessary use of double quotes. Try using single quotes unless the string contains single quotes • lib/ui/screens/dev/dev_page.dart:124:22 • prefer_single_quotes
   info • Unnecessary use of double quotes. Try using single quotes unless the string contains single quotes • lib/ui/screens/dev/dev_page.dart:128:23 • prefer_single_quotes
   info • Unnecessary use of double quotes. Try using single quotes unless the string contains single quotes • lib/ui/screens/dev/dev_page.dart:129:26 • prefer_single_quotes
   info • Unnecessary braces in a string interpolation. Try removing the braces • lib/ui/screens/dev/dev_page.dart:139:42 • unnecessary_brace_in_string_interps
   info • Unnecessary use of double quotes. Try using single quotes unless the string contains single quotes • lib/ui/screens/dev/dev_page.dart:144:27 • prefer_single_quotes
   info • Unnecessary braces in a string interpolation. Try removing the braces • lib/ui/screens/dev/dev_page.dart:155:57 • unnecessary_brace_in_string_interps
   info • Unnecessary use of double quotes. Try using single quotes unless the string contains single quotes • lib/ui/screens/dev/dev_page.dart:168:25 • prefer_single_quotes
   info • Don't use 'BuildContext's across async gaps. Try rewriting the code to not use the 'BuildContext', or guard the use with a 'mounted' check • lib/ui/screens/dev/dev_page.dart:170:15 • use_build_context_synchronously
   info • Unnecessary use of double quotes. Try using single quotes unless the string contains single quotes • lib/ui/screens/dev/dev_page.dart:176:21 • prefer_single_quotes
   info • Unnecessary use of double quotes. Try using single quotes unless the string contains single quotes • lib/ui/screens/dev/dev_page.dart:185:17 • prefer_single_quotes
warning • The value of the local variable 'editingController' isn't used. Try removing the variable or using it • lib/ui/screens/dev/dev_page.dart:199:9 • unused_local_variable
   info • Missing type annotation. Try adding a type annotation • lib/ui/screens/dev/dev_page.dart:323:12 • strict_top_level_inference
   info • Missing type annotation. Try adding a type annotation • lib/ui/screens/dev/dev_page.dart:430:3 • strict_top_level_inference
   info • Missing type annotation. Try adding a type annotation • lib/ui/screens/dev/dev_page.dart:439:3 • strict_top_level_inference
   info • Unnecessary use of double quotes. Try using single quotes unless the string contains single quotes • lib/ui/screens/dev/dev_page.dart:443:20 • prefer_single_quotes
   info • Missing type annotation. Try adding a type annotation • lib/ui/screens/dev/dev_page.dart:445:3 • strict_top_level_inference
warning • The left operand can't be null, so the right operand is never executed. Try removing the operator and the right operand • lib/ui/screens/dev/dev_page.dart:456:33 • dead_null_aware_expression
warning • The left operand can't be null, so the right operand is never executed. Try removing the operator and the right operand • lib/ui/screens/dev/dev_page.dart:457:89 • dead_null_aware_expression
warning • The left operand can't be null, so the right operand is never executed. Try removing the operator and the right operand • lib/ui/screens/dev/dev_page.dart:460:61 • dead_null_aware_expression
   info • 'value' is deprecated and shouldn't be used. Use component accessors like .r or .g, or toARGB32 for an explicit conversion. Try replacing the use of the deprecated member with the replacement • lib/ui/screens/dev/dev_page.dart:463:43 • deprecated_member_use
   info • 'value' is deprecated and shouldn't be used. Use component accessors like .r or .g, or toARGB32 for an explicit conversion. Try replacing the use of the deprecated member with the replacement • lib/ui/screens/dev/dev_page.dart:464:48 • deprecated_member_use
   info • Unnecessary use of double quotes. Try using single quotes unless the string contains single quotes • lib/ui/screens/dev/dev_page.dart:473:7 • prefer_single_quotes
   info • Missing type annotation. Try adding a type annotation • lib/ui/screens/dev/dev_page.dart:483:3 • strict_top_level_inference
warning • The left operand can't be null, so the right operand is never executed. Try removing the operator and the right operand • lib/ui/screens/dev/dev_page.dart:494:11 • dead_null_aware_expression
warning • The left operand can't be null, so the right operand is never executed. Try removing the operator and the right operand • lib/ui/screens/dev/dev_page.dart:496:88 • dead_null_aware_expression
warning • The left operand can't be null, so the right operand is never executed. Try removing the operator and the right operand • lib/ui/screens/dev/dev_page.dart:499:61 • dead_null_aware_expression
   info • 'value' is deprecated and shouldn't be used. Use component accessors like .r or .g, or toARGB32 for an explicit conversion. Try replacing the use of the deprecated member with the replacement • lib/ui/screens/dev/dev_page.dart:502:52 • deprecated_member_use
   info • 'value' is deprecated and shouldn't be used. Use component accessors like .r or .g, or toARGB32 for an explicit conversion. Try replacing the use of the deprecated member with the replacement • lib/ui/screens/dev/dev_page.dart:503:46 • deprecated_member_use
   info • Don't invoke 'print' in production code. Try using a logging framework • lib/ui/screens/dev/dev_page.dart:551:3 • avoid_print
warning • The declaration '_TestAd' isn't referenced. Try removing the declaration of '_TestAd' • lib/ui/screens/dev/dev_page.dart:571:7 • unused_element
warning • A value for optional parameter 'key' isn't ever given. Try removing the unused parameter • lib/ui/screens/dev/dev_page.dart:572:24 • unused_element_parameter
warning • The declaration '_IabTCTSTATUS' isn't referenced. Try removing the declaration of '_IabTCTSTATUS' • lib/ui/screens/dev/dev_page.dart:592:7 • unused_element
warning • A value for optional parameter 'key' isn't ever given. Try removing the unused parameter • lib/ui/screens/dev/dev_page.dart:593:30 • unused_element_parameter
   info • Unnecessary braces in a string interpolation. Try removing the braces • lib/ui/screens/dev/dev_page.dart:606:75 • unnecessary_brace_in_string_interps
   info • Unnecessary braces in a string interpolation. Try removing the braces • lib/ui/screens/dev/dev_page.dart:609:86 • unnecessary_brace_in_string_interps
   info • Unnecessary braces in a string interpolation. Try removing the braces • lib/ui/screens/dev/dev_page.dart:612:77 • unnecessary_brace_in_string_interps
   info • Unnecessary braces in a string interpolation. Try removing the braces • lib/ui/screens/dev/dev_page.dart:615:88 • unnecessary_brace_in_string_interps
warning • The declaration '_Consent' isn't referenced. Try removing the declaration of '_Consent' • lib/ui/screens/dev/dev_page.dart:619:7 • unused_element
warning • A value for optional parameter 'key' isn't ever given. Try removing the unused parameter • lib/ui/screens/dev/dev_page.dart:620:25 • unused_element_parameter
   info • Unnecessary use of double quotes. Try using single quotes unless the string contains single quotes • lib/ui/screens/dev/dev_page.dart:699:17 • prefer_single_quotes
   info • Unnecessary use of double quotes. Try using single quotes unless the string contains single quotes • lib/ui/screens/dev/dev_page.dart:706:17 • prefer_single_quotes
   info • Unnecessary use of double quotes. Try using single quotes unless the string contains single quotes • lib/ui/screens/dev/dev_page.dart:726:17 • prefer_single_quotes
   info • Unnecessary use of double quotes. Try using single quotes unless the string contains single quotes • lib/ui/screens/dev/dev_page.dart:744:24 • prefer_single_quotes
   info • Unnecessary use of double quotes. Try using single quotes unless the string contains single quotes • lib/ui/screens/dev/dev_page.dart:753:24 • prefer_single_quotes
   info • Unnecessary use of double quotes. Try using single quotes unless the string contains single quotes • lib/ui/screens/dev/dev_page.dart:762:24 • prefer_single_quotes
   info • The 'child' argument should be last in widget constructor invocations. Try moving the argument to the end of the argument list • lib/ui/screens/dev/dev_page.dart:792:15 • sort_child_properties_last
   info • The 'child' argument should be last in widget constructor invocations. Try moving the argument to the end of the argument list • lib/ui/screens/dev/dev_page.dart:797:15 • sort_child_properties_last
   info • Import of a library in the 'lib/src' directory of another package. Try importing a public library that exports this library, or removing the import • lib/ui/screens/files/components/remote_file_icon.dart:17:8 • implementation_imports
   info • The imported package 'flutter_cache_manager' isn't a dependency of the importing package. Try adding a dependency for 'flutter_cache_manager' in the 'pubspec.yaml' file • lib/ui/screens/files/components/remote_file_icon.dart:17:8 • depend_on_referenced_packages
warning • The value of the local variable 'path' isn't used. Try removing the variable or using it • lib/ui/screens/files/components/remote_file_icon.dart:50:37 • unused_local_variable
   info • 'withOpacity' is deprecated and shouldn't be used. Use .withValues() to avoid precision loss. Try replacing the use of the deprecated member with the replacement • lib/ui/screens/files/components/remote_file_icon.dart:85:74 • deprecated_member_use
   info • The 'child' argument should be last in widget constructor invocations. Try moving the argument to the end of the argument list • lib/ui/screens/files/components/remote_file_icon.dart:120:37 • sort_child_properties_last
warning • A value for optional parameter 'key' isn't ever given. Try removing the unused parameter • lib/ui/screens/files/components/remote_file_list_tile.dart:65:11 • unused_element_parameter
   info • 'background' is deprecated and shouldn't be used. Use surface instead. This feature was deprecated after v3.18.0-0.1.pre. Try replacing the use of the deprecated member with the replacement • lib/ui/screens/files/components/shimmer_file_list.dart:19:45 • deprecated_member_use
   info • Use the null-aware marker '?' rather than a null check via an 'if'. Try using '?' • lib/ui/screens/files/components/sorted_file_list_header.dart:45:13 • use_null_aware_elements
   info • The imported package 'flutter_highlight' isn't a dependency of the importing package. Try adding a dependency for 'flutter_highlight' in the 'pubspec.yaml' file • lib/ui/screens/files/details/config_file_details_page.dart:24:8 • depend_on_referenced_packages
   info • The imported package 'highlight' isn't a dependency of the importing package. Try adding a dependency for 'highlight' in the 'pubspec.yaml' file • lib/ui/screens/files/details/config_file_details_page.dart:30:8 • depend_on_referenced_packages
warning • A value for optional parameter 'key' isn't ever given. Try removing the unused parameter • lib/ui/screens/files/details/config_file_details_page.dart:110:11 • unused_element_parameter
warning • A value for optional parameter 'key' isn't ever given. Try removing the unused parameter • lib/ui/screens/files/details/config_file_details_page.dart:166:21 • unused_element_parameter
warning • A value for optional parameter 'isUploading' isn't ever given. Try removing the unused parameter • lib/ui/screens/files/details/config_file_details_page.dart:308:26 • unused_element_parameter
warning • A value for optional parameter 'hasChanges' isn't ever given. Try removing the unused parameter • lib/ui/screens/files/details/config_file_details_page.dart:309:26 • unused_element_parameter
warning • A value for optional parameter 'key' isn't ever given. Try removing the unused parameter • lib/ui/screens/files/details/gcode_file_details_page.dart:68:37 • unused_element_parameter
warning • A value for optional parameter 'key' isn't ever given. Try removing the unused parameter • lib/ui/screens/files/details/gcode_file_details_page.dart:82:29 • unused_element_parameter
   info • 'withOpacity' is deprecated and shouldn't be used. Use .withValues() to avoid precision loss. Try replacing the use of the deprecated member with the replacement • lib/ui/screens/files/details/gcode_file_details_page.dart:151:79 • deprecated_member_use
warning • The receiver can't be null, so the null-aware operator '?.' is unnecessary. Try replacing the operator '?.' with '.' • lib/ui/screens/files/details/gcode_file_details_page.dart:224:46 • invalid_null_aware_operator
warning • The receiver can't be null, so the null-aware operator '?.' is unnecessary. Try replacing the operator '?.' with '.' • lib/ui/screens/files/details/gcode_file_details_page.dart:270:56 • invalid_null_aware_operator
warning • A value for optional parameter 'key' isn't ever given. Try removing the unused parameter • lib/ui/screens/files/details/gcode_file_details_page.dart:313:28 • unused_element_parameter
warning • A value for optional parameter 'key' isn't ever given. Try removing the unused parameter • lib/ui/screens/files/details/gcode_file_details_page.dart:509:24 • unused_element_parameter
warning • A value for optional parameter 'key' isn't ever given. Try removing the unused parameter • lib/ui/screens/files/details/gcode_file_details_page.dart:534:21 • unused_element_parameter
warning • A value for optional parameter 'key' isn't ever given. Try removing the unused parameter • lib/ui/screens/files/details/gcode_file_details_page.dart:554:30 • unused_element_parameter
warning • The declaration '_printerService' isn't referenced. Try removing the declaration of '_printerService' • lib/ui/screens/files/details/gcode_file_details_page.dart:582:22 • unused_element
warning • The declaration '_dialogService' isn't referenced. Try removing the declaration of '_dialogService' • lib/ui/screens/files/details/gcode_file_details_page.dart:586:21 • unused_element
warning • The declaration '_snackBarService' isn't referenced. Try removing the declaration of '_snackBarService' • lib/ui/screens/files/details/gcode_file_details_page.dart:588:23 • unused_element
   info • Don't use 'BuildContext's across async gaps. Try rewriting the code to not use the 'BuildContext', or guard the use with a 'mounted' check • lib/ui/screens/files/details/image_file_page.dart:98:19 • use_build_context_synchronously
   info • Missing type annotation. Try adding a type annotation • lib/ui/screens/files/details/video_player_page.dart:134:3 • strict_top_level_inference
   info • The imported package 'dio' isn't a dependency of the importing package. Try adding a dependency for 'dio' in the 'pubspec.yaml' file • lib/ui/screens/files/file_manager_page.dart:48:8 • depend_on_referenced_packages
warning • A value for optional parameter 'key' isn't ever given. Try removing the unused parameter • lib/ui/screens/files/file_manager_page.dart:121:24 • unused_element_parameter
warning • A value for optional parameter 'key' isn't ever given. Try removing the unused parameter • lib/ui/screens/files/file_manager_page.dart:221:21 • unused_element_parameter
warning • A value for optional parameter 'key' isn't ever given. Try removing the unused parameter • lib/ui/screens/files/file_manager_page.dart:347:27 • unused_element_parameter
warning • A value for optional parameter 'key' isn't ever given. Try removing the unused parameter • lib/ui/screens/files/file_manager_page.dart:421:27 • unused_element_parameter
warning • A value for optional parameter 'key' isn't ever given. Try removing the unused parameter • lib/ui/screens/files/file_manager_page.dart:494:22 • unused_element_parameter
warning • A value for optional parameter 'key' isn't ever given. Try removing the unused parameter • lib/ui/screens/files/file_manager_page.dart:519:24 • unused_element_parameter
warning • A value for optional parameter 'key' isn't ever given. Try removing the unused parameter • lib/ui/screens/files/file_manager_page.dart:553:26 • unused_element_parameter
   info • The private field _isUserRefresh could be 'final'. Try making the field 'final' • lib/ui/screens/files/file_manager_page.dart:686:23 • prefer_final_fields
warning • A value for optional parameter 'key' isn't ever given. Try removing the unused parameter • lib/ui/screens/files/file_manager_page.dart:815:34 • unused_element_parameter
warning • The member 'copyWithPrevious' can only be used within its package • lib/ui/screens/files/file_manager_page.dart:987:25 • invalid_use_of_internal_member
warning • The receiver can't be null, so the null-aware operator '?.' is unnecessary. Try replacing the operator '?.' with '.' • lib/ui/screens/files/file_manager_page.dart:1251:43 • invalid_null_aware_operator
warning • The receiver can't be null, so the null-aware operator '?.' is unnecessary. Try replacing the operator '?.' with '.' • lib/ui/screens/files/file_manager_page.dart:1252:46 • invalid_null_aware_operator
warning • The receiver can't be null, so the null-aware operator '?.' is unnecessary. Try replacing the operator '?.' with '.' • lib/ui/screens/files/file_manager_page.dart:1253:45 • invalid_null_aware_operator
warning • The receiver can't be null, so the null-aware operator '?.' is unnecessary. Try replacing the operator '?.' with '.' • lib/ui/screens/files/file_manager_page.dart:1255:24 • invalid_null_aware_operator
warning • This function has a nullable return type of 'Dispose?', but ends without returning a value. Try adding a return statement, or if no value is ever returned, try changing the return type to 'void' • lib/ui/screens/files/file_manager_search_page.dart:48:18 • body_might_complete_normally_nullable
   info • 'withOpacity' is deprecated and shouldn't be used. Use .withValues() to avoid precision loss. Try replacing the use of the deprecated member with the replacement • lib/ui/screens/files/file_manager_search_page.dart:88:85 • deprecated_member_use
warning • A value for optional parameter 'key' isn't ever given. Try removing the unused parameter • lib/ui/screens/files/file_manager_search_page.dart:103:31 • unused_element_parameter
warning • The value of the local variable 'dateFormat' isn't used. Try removing the variable or using it • lib/ui/screens/files/file_manager_search_page.dart:115:11 • unused_local_variable
   info • 'background' is deprecated and shouldn't be used. Use surface instead. This feature was deprecated after v3.18.0-0.1.pre. Try replacing the use of the deprecated member with the replacement • lib/ui/screens/files/file_manager_search_page.dart:173:55 • deprecated_member_use
warning • A value for optional parameter 'apiResponses' isn't ever given. Try removing the unused parameter • lib/ui/screens/files/file_manager_search_page.dart:342:45 • unused_element_parameter
warning • A value for optional parameter 'searchTerm' isn't ever given. Try removing the unused parameter • lib/ui/screens/files/file_manager_search_page.dart:344:13 • unused_element_parameter
warning • The value of the local variable 'themeData' isn't used. Try removing the variable or using it • lib/ui/screens/files/move_file_destination_page.dart:60:11 • unused_local_variable
warning • A value for optional parameter 'key' isn't ever given. Try removing the unused parameter • lib/ui/screens/files/move_file_destination_page.dart:76:22 • unused_element_parameter
warning • A value for optional parameter 'key' isn't ever given. Try removing the unused parameter • lib/ui/screens/files/move_file_destination_page.dart:107:28 • unused_element_parameter
warning • A value for optional parameter 'key' isn't ever given. Try removing the unused parameter • lib/ui/screens/files/move_file_destination_page.dart:219:24 • unused_element_parameter
   info • The import of 'package:hooks_riverpod/hooks_riverpod.dart' is unnecessary because all of the used elements are also provided by the import of 'package:riverpod_annotation/riverpod_annotation.dart'. Try removing the import directive • lib/ui/screens/fullcam/full_cam_controller.dart:10:8 • unnecessary_import
   info • Missing type annotation. Try adding a type annotation • lib/ui/screens/fullcam/full_cam_controller.dart:41:3 • strict_top_level_inference
warning • A value for optional parameter 'key' isn't ever given. Try removing the unused parameter • lib/ui/screens/fullcam/full_cam_page.dart:40:29 • unused_element_parameter
warning • The value of the local variable 'clientType' isn't used. Try removing the variable or using it • lib/ui/screens/fullcam/full_cam_page.dart:45:9 • unused_local_variable
warning • A value for optional parameter 'key' isn't ever given. Try removing the unused parameter • lib/ui/screens/fullcam/full_cam_page.dart:91:30 • unused_element_parameter
warning • A value for optional parameter 'key' isn't ever given. Try removing the unused parameter • lib/ui/screens/fullcam/full_cam_page.dart:183:29 • unused_element_parameter
warning • A value for optional parameter 'key' isn't ever given. Try removing the unused parameter • lib/ui/screens/gcode_preview/gcode_preview_page.dart:48:22 • unused_element_parameter
warning • A value for optional parameter 'key' isn't ever given. Try removing the unused parameter • lib/ui/screens/gcode_preview/gcode_preview_page.dart:145:31 • unused_element_parameter
warning • A value for optional parameter 'key' isn't ever given. Try removing the unused parameter • lib/ui/screens/gcode_preview/gcode_preview_page.dart:256:29 • unused_element_parameter
warning • A value for optional parameter 'key' isn't ever given. Try removing the unused parameter • lib/ui/screens/graph/graph_page.dart:51:27 • unused_element_parameter
warning • A value for optional parameter 'key' isn't ever given. Try removing the unused parameter • lib/ui/screens/graph/graph_page.dart:80:22 • unused_element_parameter
warning • A value for optional parameter 'key' isn't ever given. Try removing the unused parameter • lib/ui/screens/graph/graph_page.dart:98:22 • unused_element_parameter
warning • The left operand can't be null, so the right operand is never executed. Try removing the operator and the right operand • lib/ui/screens/graph/graph_page.dart:289:73 • dead_null_aware_expression
   info • The imported package 'http' isn't a dependency of the importing package. Try adding a dependency for 'http' in the 'pubspec.yaml' file • lib/ui/screens/markdown/mark_down_page.dart:17:8 • depend_on_referenced_packages
warning • A value for optional parameter 'key' isn't ever given. Try removing the unused parameter • lib/ui/screens/markdown/mark_down_page.dart:97:11 • unused_element_parameter
warning • A value for optional parameter 'key' isn't ever given. Try removing the unused parameter • lib/ui/screens/markdown/mark_down_page.dart:121:11 • unused_element_parameter
warning • A value for optional parameter 'key' isn't ever given. Try removing the unused parameter • lib/ui/screens/markdown/mark_down_page.dart:175:39 • unused_element_parameter
warning • A value for optional parameter 'key' isn't ever given. Try removing the unused parameter • lib/ui/screens/markdown/mark_down_page.dart:193:32 • unused_element_parameter
warning • A value for optional parameter 'key' isn't ever given. Try removing the unused parameter • lib/ui/screens/overview/components/common/machine_cam_base_card.dart:58:24 • unused_element_parameter
warning • A value for optional parameter 'key' isn't ever given. Try removing the unused parameter • lib/ui/screens/overview/components/common/machine_cam_base_card.dart:85:21 • unused_element_parameter
   info • Use the null-aware marker '?' rather than a null check via an 'if'. Try using '?' • lib/ui/screens/overview/components/common/progress_tracker.dart:36:13 • use_null_aware_elements
warning • The value of the local variable 'animationController' isn't used. Try removing the variable or using it • lib/ui/screens/overview/components/common/state_chips.dart:25:25 • unused_local_variable
warning • A value for optional parameter 'key' isn't ever given. Try removing the unused parameter • lib/ui/screens/overview/components/connection_state_handler.dart:47:22 • unused_element_parameter
warning • A value for optional parameter 'key' isn't ever given. Try removing the unused parameter • lib/ui/screens/overview/components/connection_state_handler.dart:70:40 • unused_element_parameter
warning • A value for optional parameter 'key' isn't ever given. Try removing the unused parameter • lib/ui/screens/overview/components/connection_state_handler.dart:102:33 • unused_element_parameter
warning • A value for optional parameter 'key' isn't ever given. Try removing the unused parameter • lib/ui/screens/overview/components/connection_state_handler.dart:154:38 • unused_element_parameter
warning • A value for optional parameter 'key' isn't ever given. Try removing the unused parameter • lib/ui/screens/overview/components/connection_state_handler.dart:189:25 • unused_element_parameter
   info • Don't use 'BuildContext's across async gaps. Try rewriting the code to not use the 'BuildContext', or guard the use with a 'mounted' check • lib/ui/screens/overview/components/group_actions_fab.dart:161:15 • use_build_context_synchronously
warning • A value for optional parameter 'key' isn't ever given. Try removing the unused parameter • lib/ui/screens/overview/components/klippy_state_handler.dart:55:22 • unused_element_parameter
warning • A value for optional parameter 'key' isn't ever given. Try removing the unused parameter • lib/ui/screens/overview/components/klippy_state_handler.dart:86:55 • unused_element_parameter
warning • A value for optional parameter 'key' isn't ever given. Try removing the unused parameter • lib/ui/screens/overview/components/klippy_state_handler.dart:132:49 • unused_element_parameter
warning • A value for optional parameter 'key' isn't ever given. Try removing the unused parameter • lib/ui/screens/overview/components/klippy_state_handler.dart:236:41 • unused_element_parameter
warning • A value for optional parameter 'key' isn't ever given. Try removing the unused parameter • lib/ui/screens/overview/components/klippy_state_handler.dart:337:25 • unused_element_parameter
warning • A value for optional parameter 'key' isn't ever given. Try removing the unused parameter • lib/ui/screens/overview/components/legacy_printer_card.dart:62:22 • unused_element_parameter
warning • A value for optional parameter 'key' isn't ever given. Try removing the unused parameter • lib/ui/screens/overview/components/legacy_printer_card.dart:130:26 • unused_element_parameter
warning • A value for optional parameter 'key' isn't ever given. Try removing the unused parameter • lib/ui/screens/overview/components/legacy_printer_card.dart:186:34 • unused_element_parameter
warning • A value for optional parameter 'key' isn't ever given. Try removing the unused parameter • lib/ui/screens/overview/components/legacy_printer_card.dart:221:21 • unused_element_parameter
   info • Unnecessary braces in a string interpolation. Try removing the braces • lib/ui/screens/overview/components/legacy_printer_card.dart:232:65 • unnecessary_brace_in_string_interps
warning • The '!' will have no effect because the receiver can't be null. Try removing the '!' operator • lib/ui/screens/overview/components/legacy_printer_card.dart:256:71 • unnecessary_non_null_assertion
   info • Missing type annotation. Try adding a type annotation • lib/ui/screens/overview/components/legacy_printer_card.dart:310:3 • strict_top_level_inference
   info • Missing type annotation. Try adding a type annotation • lib/ui/screens/overview/components/legacy_printer_card.dart:315:3 • strict_top_level_inference
   info • Missing type annotation. Try adding a type annotation • lib/ui/screens/overview/components/legacy_printer_card.dart:320:3 • strict_top_level_inference
warning • A value for optional parameter 'key' isn't ever given. Try removing the unused parameter • lib/ui/screens/overview/components/printer_card.dart:34:36 • unused_element_parameter
warning • A value for optional parameter 'key' isn't ever given. Try removing the unused parameter • lib/ui/screens/overview/components/printer_job_handler.dart:74:22 • unused_element_parameter
warning • A value for optional parameter 'key' isn't ever given. Try removing the unused parameter • lib/ui/screens/overview/components/printer_job_handler.dart:95:42 • unused_element_parameter
warning • A value for optional parameter 'key' isn't ever given. Try removing the unused parameter • lib/ui/screens/overview/components/printer_job_handler.dart:185:39 • unused_element_parameter
warning • The value of the local variable 'formatService' isn't used. Try removing the variable or using it • lib/ui/screens/overview/components/printer_job_handler.dart:192:11 • unused_local_variable
warning • A value for optional parameter 'key' isn't ever given. Try removing the unused parameter • lib/ui/screens/overview/components/printer_job_handler.dart:253:32 • unused_element_parameter
warning • A value for optional parameter 'key' isn't ever given. Try removing the unused parameter • lib/ui/screens/overview/components/printer_job_handler.dart:301:30 • unused_element_parameter
warning • A value for optional parameter 'key' isn't ever given. Try removing the unused parameter • lib/ui/screens/overview/components/printer_job_handler.dart:384:42 • unused_element_parameter
warning • A value for optional parameter 'key' isn't ever given. Try removing the unused parameter • lib/ui/screens/overview/components/printer_job_handler.dart:487:25 • unused_element_parameter
warning • A value for optional parameter 'key' isn't ever given. Try removing the unused parameter • lib/ui/screens/overview/components/printer_job_handler.dart:617:35 • unused_element_parameter
warning • The declaration '_snackBarService' isn't referenced. Try removing the declaration of '_snackBarService' • lib/ui/screens/overview/components/printer_job_handler.dart:643:23 • unused_element
   info • Unnecessary use of multiple underscores. Try using '_' • lib/ui/screens/overview/components/printer_job_handler.dart:667:87 • unnecessary_underscores
   info • Unnecessary 'this.' qualifier. Try removing 'this.' • lib/ui/screens/overview/components/printer_job_handler.dart:751:59 • unnecessary_this
warning • A value for optional parameter 'key' isn't ever given. Try removing the unused parameter • lib/ui/screens/overview/overview_page.dart:52:30 • unused_element_parameter
warning • A value for optional parameter 'key' isn't ever given. Try removing the unused parameter • lib/ui/screens/overview/overview_page.dart:82:22 • unused_element_parameter
   info • 'onReorder' is deprecated and shouldn't be used. Use the onReorderItem callback instead. The onReorderItem callback adjusts the newIndex parameter for a removed item at the oldIndex. This feature was deprecated after v3.41.0-0.0.pre. Try replacing the use of the deprecated member with the replacement • lib/ui/screens/overview/overview_page.dart:111:13 • deprecated_member_use
warning • A value for optional parameter 'key' isn't ever given. Try removing the unused parameter • lib/ui/screens/paywall/components/supporter_benefits.dart:67:29 • unused_element_parameter
warning • The value of the local variable 'package' isn't used. Try removing the variable or using it • lib/ui/screens/paywall/components/supporter_offerings.dart:35:14 • unused_local_variable
warning • A value for optional parameter 'key' isn't ever given. Try removing the unused parameter • lib/ui/screens/paywall/components/supporter_offerings.dart:68:32 • unused_element_parameter
warning • A value for optional parameter 'key' isn't ever given. Try removing the unused parameter • lib/ui/screens/paywall/components/supporter_offerings.dart:115:11 • unused_element_parameter
warning • A value for optional parameter 'key' isn't ever given. Try removing the unused parameter • lib/ui/screens/paywall/components/supporter_offerings.dart:158:37 • unused_element_parameter
warning • A value for optional parameter 'key' isn't ever given. Try removing the unused parameter • lib/ui/screens/paywall/components/supporter_offerings.dart:213:43 • unused_element_parameter
warning • A value for optional parameter 'key' isn't ever given. Try removing the unused parameter • lib/ui/screens/paywall/components/supporter_offerings.dart:310:11 • unused_element_parameter
warning • A value for optional parameter 'key' isn't ever given. Try removing the unused parameter • lib/ui/screens/paywall/paywall_page.dart:95:29 • unused_element_parameter
warning • A value for optional parameter 'key' isn't ever given. Try removing the unused parameter • lib/ui/screens/paywall/paywall_page.dart:131:43 • unused_element_parameter
warning • A value for optional parameter 'key' isn't ever given. Try removing the unused parameter • lib/ui/screens/paywall/paywall_page.dart:260:34 • unused_element_parameter
warning • A value for optional parameter 'key' isn't ever given. Try removing the unused parameter • lib/ui/screens/paywall/paywall_page.dart:349:43 • unused_element_parameter
warning • A value for optional parameter 'key' isn't ever given. Try removing the unused parameter • lib/ui/screens/paywall/paywall_page.dart:360:34 • unused_element_parameter
warning • A value for optional parameter 'key' isn't ever given. Try removing the unused parameter • lib/ui/screens/paywall/paywall_page.dart:417:32 • unused_element_parameter
warning • A value for optional parameter 'key' isn't ever given. Try removing the unused parameter • lib/ui/screens/paywall/paywall_page.dart:478:24 • unused_element_parameter
warning • A value for optional parameter 'key' isn't ever given. Try removing the unused parameter • lib/ui/screens/paywall/paywall_page.dart:582:24 • unused_element_parameter
warning • A value for optional parameter 'key' isn't ever given. Try removing the unused parameter • lib/ui/screens/paywall/paywall_page.dart:629:46 • unused_element_parameter
warning • A value for optional parameter 'key' isn't ever given. Try removing the unused parameter • lib/ui/screens/paywall/paywall_page.dart:677:36 • unused_element_parameter
   info • Missing type annotation. Try adding a type annotation • lib/ui/screens/paywall/paywall_page_controller.dart:69:3 • strict_top_level_inference
   info • Missing type annotation. Try adding a type annotation • lib/ui/screens/paywall/paywall_page_controller.dart:78:3 • strict_top_level_inference
   info • Missing type annotation. Try adding a type annotation • lib/ui/screens/paywall/paywall_page_controller.dart:87:3 • strict_top_level_inference
   info • Missing type annotation. Try adding a type annotation • lib/ui/screens/paywall/paywall_page_controller.dart:96:3 • strict_top_level_inference
   info • Missing type annotation. Try adding a type annotation • lib/ui/screens/paywall/paywall_page_controller.dart:115:3 • strict_top_level_inference
   info • Missing type annotation. Try adding a type annotation • lib/ui/screens/paywall/paywall_page_controller.dart:122:3 • strict_top_level_inference
   info • Missing type annotation. Try adding a type annotation • lib/ui/screens/paywall/paywall_page_controller.dart:147:3 • strict_top_level_inference
   info • Missing type annotation. Try adding a type annotation • lib/ui/screens/paywall/paywall_page_controller.dart:162:3 • strict_top_level_inference
warning • The value of the local variable 'discord' isn't used. Try removing the variable or using it • lib/ui/screens/paywall/paywall_page_controller.dart:163:9 • unused_local_variable
warning • A value for optional parameter 'key' isn't ever given. Try removing the unused parameter • lib/ui/screens/paywall/perks/supporter_benefits_page.dart:27:25 • unused_element_parameter
warning • A value for optional parameter 'key' isn't ever given. Try removing the unused parameter • lib/ui/screens/paywall/perks/supporter_benefits_page.dart:170:11 • unused_element_parameter
   info • The imported package 'dio' isn't a dependency of the importing package. Try adding a dependency for 'dio' in the 'pubspec.yaml' file • lib/ui/screens/printers/add/printers_add_controller.dart:33:8 • depend_on_referenced_packages
   info • Missing type annotation. Try adding a type annotation • lib/ui/screens/printers/add/printers_add_controller.dart:79:3 • strict_top_level_inference
   info • Missing type annotation. Try adding a type annotation • lib/ui/screens/printers/add/printers_add_controller.dart:84:3 • strict_top_level_inference
   info • Missing type annotation. Try adding a type annotation • lib/ui/screens/printers/add/printers_add_controller.dart:89:3 • strict_top_level_inference
   info • Missing type annotation. Try adding a type annotation • lib/ui/screens/printers/add/printers_add_controller.dart:132:3 • strict_top_level_inference
   info • Missing type annotation. Try adding a type annotation • lib/ui/screens/printers/add/printers_add_controller.dart:174:3 • strict_top_level_inference
   info • Missing type annotation. Try adding a type annotation • lib/ui/screens/printers/add/printers_add_controller.dart:181:3 • strict_top_level_inference
   info • Missing type annotation. Try adding a type annotation • lib/ui/screens/printers/add/printers_add_controller.dart:186:3 • strict_top_level_inference
   info • Missing type annotation. Try adding a type annotation • lib/ui/screens/printers/add/printers_add_controller.dart:194:3 • strict_top_level_inference
   info • Missing type annotation. Try adding a type annotation • lib/ui/screens/printers/add/printers_add_controller.dart:198:3 • strict_top_level_inference
   info • Missing type annotation. Try adding a type annotation • lib/ui/screens/printers/add/printers_add_controller.dart:223:3 • strict_top_level_inference
   info • Missing type annotation. Try adding a type annotation • lib/ui/screens/printers/add/printers_add_controller.dart:227:3 • strict_top_level_inference
   info • Missing type annotation. Try adding a type annotation • lib/ui/screens/printers/add/printers_add_controller.dart:234:3 • strict_top_level_inference
warning • The declaration '_wsField' isn't referenced. Try removing the declaration of '_wsField' • lib/ui/screens/printers/add/printers_add_controller.dart:266:29 • unused_element
   info • Missing type annotation. Try adding a type annotation • lib/ui/screens/printers/add/printers_add_controller.dart:287:3 • strict_top_level_inference
   info • Missing type annotation. Try adding a type annotation • lib/ui/screens/printers/add/printers_add_controller.dart:294:3 • strict_top_level_inference
   info • Redundant initialization to 'null'. Try removing the initializer • lib/ui/screens/printers/add/printers_add_controller.dart:314:52 • avoid_init_to_null
   info • Missing type annotation. Try adding a type annotation • lib/ui/screens/printers/add/printers_add_controller.dart:383:3 • strict_top_level_inference
   info • Missing type annotation. Try adding a type annotation • lib/ui/screens/printers/add/printers_add_controller.dart:387:3 • strict_top_level_inference
   info • Missing type annotation. Try adding a type annotation • lib/ui/screens/printers/add/printers_add_controller.dart:409:3 • strict_top_level_inference
   info • Missing type annotation. Try adding a type annotation • lib/ui/screens/printers/add/printers_add_controller.dart:457:21 • strict_top_level_inference
warning • A value for optional parameter 'key' isn't ever given. Try removing the unused parameter • lib/ui/screens/printers/add/printers_add_page.dart:74:29 • unused_element_parameter
warning • A value for optional parameter 'key' isn't ever given. Try removing the unused parameter • lib/ui/screens/printers/add/printers_add_page.dart:109:31 • unused_element_parameter
warning • A value for optional parameter 'key' isn't ever given. Try removing the unused parameter • lib/ui/screens/printers/add/printers_add_page.dart:136:39 • unused_element_parameter
warning • A value for optional parameter 'key' isn't ever given. Try removing the unused parameter • lib/ui/screens/printers/add/printers_add_page.dart:175:37 • unused_element_parameter
warning • A value for optional parameter 'key' isn't ever given. Try removing the unused parameter • lib/ui/screens/printers/add/printers_add_page.dart:259:42 • unused_element_parameter
warning • A value for optional parameter 'key' isn't ever given. Try removing the unused parameter • lib/ui/screens/printers/add/printers_add_page.dart:349:36 • unused_element_parameter
warning • A value for optional parameter 'key' isn't ever given. Try removing the unused parameter • lib/ui/screens/printers/add/printers_add_page.dart:370:41 • unused_element_parameter
warning • The value of the local variable 'advancedFormState' isn't used. Try removing the variable or using it • lib/ui/screens/printers/add/printers_add_page.dart:374:9 • unused_local_variable
warning • A value for optional parameter 'key' isn't ever given. Try removing the unused parameter • lib/ui/screens/printers/add/printers_add_page.dart:487:42 • unused_element_parameter
warning • A value for optional parameter 'key' isn't ever given. Try removing the unused parameter • lib/ui/screens/printers/add/printers_add_page.dart:555:42 • unused_element_parameter
warning • A value for optional parameter 'key' isn't ever given. Try removing the unused parameter • lib/ui/screens/printers/add/printers_add_page.dart:590:40 • unused_element_parameter
warning • A value for optional parameter 'key' isn't ever given. Try removing the unused parameter • lib/ui/screens/printers/add/printers_add_page.dart:634:11 • unused_element_parameter
warning • A value for optional parameter 'key' isn't ever given. Try removing the unused parameter • lib/ui/screens/printers/components/home_network_list_form_field.dart:121:22 • unused_element_parameter
warning • A value for optional parameter 'key' isn't ever given. Try removing the unused parameter • lib/ui/screens/printers/components/http_headers_form_field.dart:87:28 • unused_element_parameter
warning • A value for optional parameter 'key' isn't ever given. Try removing the unused parameter • lib/ui/screens/printers/components/macro_groups_form_field.dart:77:41 • unused_element_parameter
   info • 'onReorder' is deprecated and shouldn't be used. Use the onReorderItem callback instead. The onReorderItem callback adjusts the newIndex parameter for a removed item at the oldIndex. This feature was deprecated after v3.41.0-0.0.pre. Try replacing the use of the deprecated member with the replacement • lib/ui/screens/printers/components/macro_groups_form_field.dart:94:7 • deprecated_member_use
warning • A value for optional parameter 'key' isn't ever given. Try removing the unused parameter • lib/ui/screens/printers/components/macro_groups_form_field.dart:338:33 • unused_element_parameter
warning • A value for optional parameter 'key' isn't ever given. Try removing the unused parameter • lib/ui/screens/printers/components/orderding_form_field.dart:33:35 • unused_element_parameter
   info • 'onReorder' is deprecated and shouldn't be used. Use the onReorderItem callback instead. The onReorderItem callback adjusts the newIndex parameter for a removed item at the oldIndex. This feature was deprecated after v3.41.0-0.0.pre. Try replacing the use of the deprecated member with the replacement • lib/ui/screens/printers/components/orderding_form_field.dart:46:7 • deprecated_member_use
   info • The 'child' argument should be last in widget constructor invocations. Try moving the argument to the end of the argument list • lib/ui/screens/printers/components/orderding_form_field.dart:97:11 • sort_child_properties_last
   info • Unnecessary braces in a string interpolation. Try removing the braces • lib/ui/screens/printers/components/remote_machine_settings_form_field.dart:70:60 • unnecessary_brace_in_string_interps
warning • The value of the local variable 'value' isn't used. Try removing the variable or using it • lib/ui/screens/printers/components/remote_machine_settings_form_field.dart:111:32 • unused_local_variable
warning • A value for optional parameter 'key' isn't ever given. Try removing the unused parameter • lib/ui/screens/printers/components/remote_machine_settings_form_field.dart:120:38 • unused_element_parameter
warning • A value for optional parameter 'key' isn't ever given. Try removing the unused parameter • lib/ui/screens/printers/components/remote_machine_settings_form_field.dart:233:34 • unused_element_parameter
warning • A value for optional parameter 'key' isn't ever given. Try removing the unused parameter • lib/ui/screens/printers/components/remote_machine_settings_form_field.dart:282:44 • unused_element_parameter
warning • A value for optional parameter 'key' isn't ever given. Try removing the unused parameter • lib/ui/screens/printers/components/remote_machine_settings_form_field.dart:445:36 • unused_element_parameter
warning • A value for optional parameter 'key' isn't ever given. Try removing the unused parameter • lib/ui/screens/printers/components/remote_machine_settings_form_field.dart:498:30 • unused_element_parameter
warning • A value for optional parameter 'key' isn't ever given. Try removing the unused parameter • lib/ui/screens/printers/components/remote_machine_settings_form_field.dart:533:30 • unused_element_parameter
   info • Use the null-aware marker '?' rather than a null check via an 'if'. Try using '?' • lib/ui/screens/printers/components/section_header.dart:33:11 • use_null_aware_elements
warning • This function has a nullable return type of 'Dispose?', but ends without returning a value. Try adding a return statement, or if no value is ever returned, try changing the return type to 'void' • lib/ui/screens/printers/components/segment_form_field.dart:108:18 • body_might_complete_normally_nullable
warning • Unnecessary cast. Try removing the cast • lib/ui/screens/printers/components/segment_form_field.dart:125:48 • unnecessary_cast
warning • A value for optional parameter 'key' isn't ever given. Try removing the unused parameter • lib/ui/screens/printers/components/temp_presets_form_field.dart:75:38 • unused_element_parameter
   info • 'onReorder' is deprecated and shouldn't be used. Use the onReorderItem callback instead. The onReorderItem callback adjusts the newIndex parameter for a removed item at the oldIndex. This feature was deprecated after v3.41.0-0.0.pre. Try replacing the use of the deprecated member with the replacement • lib/ui/screens/printers/components/temp_presets_form_field.dart:98:7 • deprecated_member_use
warning • A value for optional parameter 'key' isn't ever given. Try removing the unused parameter • lib/ui/screens/printers/components/webcams_form_field.dart:78:28 • unused_element_parameter
   info • 'onReorder' is deprecated and shouldn't be used. Use the onReorderItem callback instead. The onReorderItem callback adjusts the newIndex parameter for a removed item at the oldIndex. This feature was deprecated after v3.41.0-0.0.pre. Try replacing the use of the deprecated member with the replacement • lib/ui/screens/printers/components/webcams_form_field.dart:97:7 • deprecated_member_use
warning • A value for optional parameter 'key' isn't ever given. Try removing the unused parameter • lib/ui/screens/printers/components/webcams_form_field.dart:198:11 • unused_element_parameter
   info • 'onReorder' is deprecated and shouldn't be used. Use the onReorderItem callback instead. The onReorderItem callback adjusts the newIndex parameter for a removed item at the oldIndex. This feature was deprecated after v3.41.0-0.0.pre. Try replacing the use of the deprecated member with the replacement • lib/ui/screens/printers/edit/components/fans_ordering_list.dart:63:15 • deprecated_member_use
   info • 'onReorder' is deprecated and shouldn't be used. Use the onReorderItem callback instead. The onReorderItem callback adjusts the newIndex parameter for a removed item at the oldIndex. This feature was deprecated after v3.41.0-0.0.pre. Try replacing the use of the deprecated member with the replacement • lib/ui/screens/printers/edit/components/misc_ordering_list.dart:62:15 • deprecated_member_use
   info • 'onReorder' is deprecated and shouldn't be used. Use the onReorderItem callback instead. The onReorderItem callback adjusts the newIndex parameter for a removed item at the oldIndex. This feature was deprecated after v3.41.0-0.0.pre. Try replacing the use of the deprecated member with the replacement • lib/ui/screens/printers/edit/components/sensor_ordering_list.dart:64:15 • deprecated_member_use
warning • A value for optional parameter 'key' isn't ever given. Try removing the unused parameter • lib/ui/screens/printers/edit/printer_edit_page.dart:325:22 • unused_element_parameter
warning • A value for optional parameter 'key' isn't ever given. Try removing the unused parameter • lib/ui/screens/printers/edit/printer_edit_page.dart:571:31 • unused_element_parameter
warning • A value for optional parameter 'key' isn't ever given. Try removing the unused parameter • lib/ui/screens/printers/edit/printer_edit_page.dart:644:33 • unused_element_parameter
   info • 'background' is deprecated and shouldn't be used. Use surface instead. This feature was deprecated after v3.18.0-0.1.pre. Try replacing the use of the deprecated member with the replacement • lib/ui/screens/printers/edit/printer_edit_page.dart:663:51 • deprecated_member_use
warning • A value for optional parameter 'key' isn't ever given. Try removing the unused parameter • lib/ui/screens/printers/edit/printer_edit_page.dart:769:34 • unused_element_parameter
warning • A value for optional parameter 'key' isn't ever given. Try removing the unused parameter • lib/ui/screens/printers/edit/printer_edit_page.dart:839:41 • unused_element_parameter
warning • A value for optional parameter 'key' isn't ever given. Try removing the unused parameter • lib/ui/screens/printers/edit/printer_edit_page.dart:889:29 • unused_element_parameter
   info • Don't use 'BuildContext's across async gaps. Try rewriting the code to not use the 'BuildContext', or guard the use with a 'mounted' check • lib/ui/screens/qr_scanner/qr_scanner_page.dart:34:7 • use_build_context_synchronously
warning • A value for optional parameter 'key' isn't ever given. Try removing the unused parameter • lib/ui/screens/setting/data/data_settings_page.dart:51:22 • unused_element_parameter
warning • The value of the local variable 'themeData' isn't used. Try removing the variable or using it • lib/ui/screens/setting/data/data_settings_page.dart:55:11 • unused_local_variable
   info • Don't use 'BuildContext's across async gaps. Try rewriting the code to not use the 'BuildContext', or guard the use with a 'mounted' check • lib/ui/screens/setting/log/log_page.dart:39:27 • use_build_context_synchronously
warning • A value for optional parameter 'key' isn't ever given. Try removing the unused parameter • lib/ui/screens/setting/notification/machine_notification_settings_page.dart:65:22 • unused_element_parameter
warning • A value for optional parameter 'key' isn't ever given. Try removing the unused parameter • lib/ui/screens/setting/notification/machine_notification_settings_page.dart:83:26 • unused_element_parameter
warning • A value for optional parameter 'key' isn't ever given. Try removing the unused parameter • lib/ui/screens/setting/notification/notification_settings_page.dart:56:22 • unused_element_parameter
warning • The value of the local variable 'themeData' isn't used. Try removing the variable or using it • lib/ui/screens/setting/notification/notification_settings_page.dart:60:11 • unused_local_variable
warning • A value for optional parameter 'key' isn't ever given. Try removing the unused parameter • lib/ui/screens/setting/notification/notification_settings_page.dart:80:45 • unused_element_parameter
warning • A value for optional parameter 'key' isn't ever given. Try removing the unused parameter • lib/ui/screens/setting/notification/notification_settings_page.dart:102:49 • unused_element_parameter
warning • A value for optional parameter 'key' isn't ever given. Try removing the unused parameter • lib/ui/screens/setting/notification/notification_settings_page.dart:197:39 • unused_element_parameter
   info • Use interpolation to compose strings and values. Try using string interpolation to build the composite string • lib/ui/screens/setting/notification/notification_settings_page.dart:222:26 • prefer_interpolation_to_compose_strings
warning • This case is covered by the previous cases. Try removing the case clause, or restructuring the preceding patterns • lib/ui/screens/setting/notification/notification_settings_page.dart:225:13 • unreachable_switch_case
warning • A value for optional parameter 'key' isn't ever given. Try removing the unused parameter • lib/ui/screens/setting/notification/notification_settings_page.dart:233:31 • unused_element_parameter
warning • A value for optional parameter 'key' isn't ever given. Try removing the unused parameter • lib/ui/screens/setting/setting_page.dart:57:22 • unused_element_parameter
warning • The value of the local variable 'controller' isn't used. Try removing the variable or using it • lib/ui/screens/setting/setting_page.dart:61:11 • unused_local_variable
warning • The value of the local variable 'settingService' isn't used. Try removing the variable or using it • lib/ui/screens/setting/setting_page.dart:63:9 • unused_local_variable
warning • The value of the local variable 'themeData' isn't used. Try removing the variable or using it • lib/ui/screens/setting/setting_page.dart:64:9 • unused_local_variable
warning • A value for optional parameter 'key' isn't ever given. Try removing the unused parameter • lib/ui/screens/setting/setting_page.dart:92:32 • unused_element_parameter
warning • The value of the local variable 'themeData' isn't used. Try removing the variable or using it • lib/ui/screens/setting/setting_page.dart:98:11 • unused_local_variable
warning • A value for optional parameter 'key' isn't ever given. Try removing the unused parameter • lib/ui/screens/setting/setting_page.dart:176:27 • unused_element_parameter
   info • The 'child' argument should be last in widget constructor invocations. Try moving the argument to the end of the argument list • lib/ui/screens/setting/setting_page.dart:203:30 • sort_child_properties_last
   info • The 'child' argument should be last in widget constructor invocations. Try moving the argument to the end of the argument list • lib/ui/screens/setting/setting_page.dart:204:30 • sort_child_properties_last
warning • A value for optional parameter 'key' isn't ever given. Try removing the unused parameter • lib/ui/screens/setting/setting_page.dart:254:37 • unused_element_parameter
warning • The value of the local variable 'settingService' isn't used. Try removing the variable or using it • lib/ui/screens/setting/setting_page.dart:259:9 • unused_local_variable
warning • A value for optional parameter 'key' isn't ever given. Try removing the unused parameter • lib/ui/screens/setting/setting_page.dart:298:34 • unused_element_parameter
warning • A value for optional parameter 'key' isn't ever given. Try removing the unused parameter • lib/ui/screens/setting/setting_page.dart:404:24 • unused_element_parameter
warning • A value for optional parameter 'key' isn't ever given. Try removing the unused parameter • lib/ui/screens/setting/setting_page.dart:489:34 • unused_element_parameter
warning • A value for optional parameter 'key' isn't ever given. Try removing the unused parameter • lib/ui/screens/setting/setting_page.dart:544:36 • unused_element_parameter
warning • A value for optional parameter 'key' isn't ever given. Try removing the unused parameter • lib/ui/screens/setting/setting_page.dart:579:32 • unused_element_parameter
warning • A value for optional parameter 'key' isn't ever given. Try removing the unused parameter • lib/ui/screens/spoolman/filament_detail_page.dart:106:24 • unused_element_parameter
warning • A value for optional parameter 'key' isn't ever given. Try removing the unused parameter • lib/ui/screens/spoolman/filament_detail_page.dart:128:30 • unused_element_parameter
warning • A value for optional parameter 'key' isn't ever given. Try removing the unused parameter • lib/ui/screens/spoolman/filament_detail_page.dart:262:32 • unused_element_parameter
warning • A value for optional parameter 'key' isn't ever given. Try removing the unused parameter • lib/ui/screens/spoolman/filament_form_page.dart:102:34 • unused_element_parameter
warning • This function has a nullable return type of 'Dispose?', but ends without returning a value. Try adding a return statement, or if no value is ever returned, try changing the return type to 'void' • lib/ui/screens/spoolman/filament_form_page.dart:115:10 • body_might_complete_normally_nullable
warning • A value for optional parameter 'isSaving' isn't ever given. Try removing the unused parameter • lib/ui/screens/spoolman/filament_form_page.dart:644:21 • unused_element_parameter
warning • Unused import: 'package:mobileraker_pro/misc/filament_extension.dart'. Try removing the import directive • lib/ui/screens/spoolman/spool_detail_page.dart:29:8 • unused_import
warning • A value for optional parameter 'key' isn't ever given. Try removing the unused parameter • lib/ui/screens/spoolman/spool_detail_page.dart:186:24 • unused_element_parameter
warning • A value for optional parameter 'key' isn't ever given. Try removing the unused parameter • lib/ui/screens/spoolman/spool_detail_page.dart:203:27 • unused_element_parameter
warning • A value for optional parameter 'key' isn't ever given. Try removing the unused parameter • lib/ui/screens/spoolman/spool_form_page.dart:104:31 • unused_element_parameter
warning • This function has a nullable return type of 'Dispose?', but ends without returning a value. Try adding a return statement, or if no value is ever returned, try changing the return type to 'void' • lib/ui/screens/spoolman/spool_form_page.dart:123:10 • body_might_complete_normally_nullable
warning • A value for optional parameter 'key' isn't ever given. Try removing the unused parameter • lib/ui/screens/spoolman/spool_form_page.dart:414:24 • unused_element_parameter
warning • A value for optional parameter 'key' isn't ever given. Try removing the unused parameter • lib/ui/screens/spoolman/spool_form_page.dart:434:21 • unused_element_parameter
warning • A value for optional parameter 'isSaving' isn't ever given. Try removing the unused parameter • lib/ui/screens/spoolman/spool_form_page.dart:686:21 • unused_element_parameter
warning • A value for optional parameter 'icon' isn't ever given. Try removing the unused parameter • lib/ui/screens/spoolman/spoolman_filter_chips.dart:41:59 • unused_element_parameter
warning • The value of the local variable 'filters' isn't used. Try removing the variable or using it • lib/ui/screens/spoolman/spoolman_filter_chips.dart:66:11 • unused_local_variable
warning • The declaration '_dialogService' isn't referenced. Try removing the declaration of '_dialogService' • lib/ui/screens/spoolman/spoolman_filter_chips.dart:111:21 • unused_element
warning • Dead code. Try removing the code, or fixing the code before it so that it can be reached • lib/ui/screens/spoolman/spoolman_filter_chips.dart:139:5 • dead_code
warning • A value for optional parameter 'key' isn't ever given. Try removing the unused parameter • lib/ui/screens/spoolman/spoolman_page.dart:69:24 • unused_element_parameter
warning • A value for optional parameter 'key' isn't ever given. Try removing the unused parameter • lib/ui/screens/spoolman/spoolman_page.dart:92:27 • unused_element_parameter
warning • A value for optional parameter 'key' isn't ever given. Try removing the unused parameter • lib/ui/screens/spoolman/spoolman_page.dart:129:22 • unused_element_parameter
warning • A value for optional parameter 'key' isn't ever given. Try removing the unused parameter • lib/ui/screens/spoolman/spoolman_page.dart:255:24 • unused_element_parameter
warning • A value for optional parameter 'key' isn't ever given. Try removing the unused parameter • lib/ui/screens/spoolman/spoolman_page.dart:304:21 • unused_element_parameter
warning • The value of the local variable 'themeData' isn't used. Try removing the variable or using it • lib/ui/screens/spoolman/vendor_detail_page.dart:71:11 • unused_local_variable
warning • A value for optional parameter 'key' isn't ever given. Try removing the unused parameter • lib/ui/screens/spoolman/vendor_detail_page.dart:121:24 • unused_element_parameter
warning • A value for optional parameter 'key' isn't ever given. Try removing the unused parameter • lib/ui/screens/spoolman/vendor_detail_page.dart:136:28 • unused_element_parameter
warning • A value for optional parameter 'key' isn't ever given. Try removing the unused parameter • lib/ui/screens/spoolman/vendor_detail_page.dart:203:33 • unused_element_parameter
warning • A value for optional parameter 'key' isn't ever given. Try removing the unused parameter • lib/ui/screens/spoolman/vendor_detail_page.dart:266:30 • unused_element_parameter
   info • Unnecessary use of string interpolation. Try replacing the string literal with the variable name • lib/ui/screens/spoolman/vendor_detail_page.dart:356:41 • unnecessary_string_interpolations
warning • A value for optional parameter 'key' isn't ever given. Try removing the unused parameter • lib/ui/screens/spoolman/vendor_form_page.dart:74:32 • unused_element_parameter
warning • A value for optional parameter 'key' isn't ever given. Try removing the unused parameter • lib/ui/screens/spoolman/vendor_form_page.dart:173:24 • unused_element_parameter
warning • A value for optional parameter 'key' isn't ever given. Try removing the unused parameter • lib/ui/screens/spoolman/vendor_form_page.dart:193:21 • unused_element_parameter
warning • A value for optional parameter 'isSaving' isn't ever given. Try removing the unused parameter • lib/ui/screens/spoolman/vendor_form_page.dart:357:21 • unused_element_parameter
warning • A value for optional parameter 'key' isn't ever given. Try removing the unused parameter • lib/ui/screens/tools/components/belt_tuner.dart:131:31 • unused_element_parameter
   info • Missing type annotation. Try adding a type annotation • lib/ui/screens/tools/components/belt_tuner.dart:280:3 • strict_top_level_inference
   info • Missing type annotation. Try adding a type annotation • lib/ui/screens/tools/components/belt_tuner.dart:284:3 • strict_top_level_inference
warning • A value for optional parameter 'key' isn't ever given. Try removing the unused parameter • lib/ui/screens/tools/tool_page.dart:88:11 • unused_element_parameter
warning • A value for optional parameter 'key' isn't ever given. Try removing the unused parameter • lib/ui/screens/tools/tool_page.dart:130:11 • unused_element_parameter
warning • The value of the local variable 'voronRed' isn't used. Try removing the variable or using it • lib/ui/theme/theme_setup.dart:191:7 • unused_local_variable
warning • The value of the local variable 'ratRigGreen' isn't used. Try removing the variable or using it • lib/ui/theme/theme_setup.dart:284:7 • unused_local_variable
   info • The file name 'Superscript.dart' isn't a lower_case_with_underscores identifier. Try changing the name to follow the lower_case_with_underscores style • lib/util/Superscript.dart:1:1 • file_names
   info • The import of 'package:hooks_riverpod/hooks_riverpod.dart' is unnecessary because all of the used elements are also provided by the import of 'package:riverpod_annotation/riverpod_annotation.dart'. Try removing the import directive • pro/lib/ads/admobs.dart:7:8 • unnecessary_import
warning • The annotation 'JsonSerializable.new' can only be used on classes • pro/lib/custom_themes/data/model/custom_theme_pack.dart:20:4 • invalid_annotation_target
   info • The import of 'package:hooks_riverpod/hooks_riverpod.dart' is unnecessary because all of the used elements are also provided by the import of 'package:riverpod_annotation/riverpod_annotation.dart'. Try removing the import directive • pro/lib/custom_themes/repository/custom_theme_repository_impl.dart:7:8 • unnecessary_import
   info • The import of 'package:hooks_riverpod/hooks_riverpod.dart' is unnecessary because all of the used elements are also provided by the import of 'package:riverpod_annotation/riverpod_annotation.dart'. Try removing the import directive • pro/lib/custom_themes/service/custom_theme_service.dart:13:8 • unnecessary_import
   info • The import of 'package:hooks_riverpod/hooks_riverpod.dart' is unnecessary because all of the used elements are also provided by the import of 'package:riverpod_annotation/riverpod_annotation.dart'. Try removing the import directive • pro/lib/gcode_preview/providers.dart:12:8 • unnecessary_import
   info • The import of 'package:hooks_riverpod/hooks_riverpod.dart' is unnecessary because all of the used elements are also provided by the import of 'package:riverpod_annotation/riverpod_annotation.dart'. Try removing the import directive • pro/lib/job_queue/service/job_queue_service.dart:17:8 • unnecessary_import
   info • Use the null-aware marker '?' rather than a null check via an 'if'. Try using '?' • pro/lib/misc/filament_extension.dart:28:54 • use_null_aware_elements
   info • The import of 'package:hooks_riverpod/hooks_riverpod.dart' is unnecessary because all of the used elements are also provided by the import of 'package:riverpod_annotation/riverpod_annotation.dart'. Try removing the import directive • pro/lib/printer_groups/service/printer_group_service.dart:11:8 • unnecessary_import
   info • The import of 'package:hooks_riverpod/hooks_riverpod.dart' is unnecessary because all of the used elements are also provided by the import of 'package:riverpod_annotation/riverpod_annotation.dart'. Try removing the import directive • pro/lib/service/ui/dashboard_layout_service.dart:17:8 • unnecessary_import
warning • The annotation 'JsonSerializable.new' can only be used on classes • pro/lib/spoolman/dto/get_filament.dart:19:4 • invalid_annotation_target
warning • The annotation 'JsonSerializable.new' can only be used on classes • pro/lib/spoolman/dto/get_spool.dart:18:4 • invalid_annotation_target
warning • The annotation 'JsonSerializable.new' can only be used on classes • pro/lib/spoolman/dto/get_vendor.dart:17:4 • invalid_annotation_target
   info • The import of 'package:hooks_riverpod/hooks_riverpod.dart' is unnecessary because all of the used elements are also provided by the import of 'package:riverpod_annotation/riverpod_annotation.dart'. Try removing the import directive • pro/lib/spoolman/service/spoolman_service.dart:19:8 • unnecessary_import
   info • Use the null-aware marker '?' rather than a null check via an 'if'. Try using '?' • pro/lib/spoolman/service/spoolman_service.dart:237:7 • use_null_aware_elements
   info • Use the null-aware marker '?' rather than a null check via an 'if'. Try using '?' • pro/lib/spoolman/service/spoolman_service.dart:352:7 • use_null_aware_elements
   info • Unnecessary use of string interpolation. Try replacing the string literal with the variable name • pro/lib/spoolman/ui/select_spoolman_sheet.dart:206:80 • unnecessary_string_interpolations

726 issues found. (ran in 28.3s)
